Tipo_Fundo_Classe;CNPJ_Fundo_Classe;Nome_Fundo_Classe;Data_Referencia;Versao;Data_Entrega;Link_Download;Parecer_Auditor
CLASSES - FII;08.098.114/0001-28;HSI RENDA IMOBILIÁRIA FUNDO DE INVESTIMENTO IMOBILIÁRIO DE RESP LIMITADA;2025-06-30;1;2025-09-26;https://fnet.bmfbovespa.com.br/fnet/publico/downloadDocumento?id=999644;Sem ressalva e sem ênfase
CLASSES - FII;08.696.175/0001-97;RB CAPITAL RENDA I FUNDO DE INVESTIMENTO IMOBILIARIO - FII - RESPONSABILIDADE LIMITADA;2025-06-30;1;2025-09-26;https://fnet.bmfbovespa.com.br/fnet/publico/downloadDocumento?id=999690;Sem ressalva e sem ênfase
CLASSES - FII;08.971.868/0001-40;FUNDO DE INVESTIMENTO IMOBILIÁRIO RIO GRANDE;2025-06-30;1;2025-09-29;https://fnet.bmfbovespa.com.br/fnet/publico/downloadDocumento?id=1000359;Sem ressalva e sem ênfase
CLASSES - FII;11.827.568/0001-05;INCENTIVO FUNDO DE INVESTIMENTO IMOBILIÁRIO;2025-06-30;1;2025-09-29;https://fnet.bmfbovespa.com.br/fnet/publico/downloadDocumento?id=1001488;Sem ressalva e sem ênfase
CLASSES - FII;11.839.593/0001-09;BTG PACTUAL LOGÍSTICA FUNDO DE INVESTIMENTO IMOBILIÁRIO RESPONSABILIDADE LIMITADA;2025-06-30;1;2025-09-29;https://fnet.bmfbovespa.com.br/fnet/publico/downloadDocumento?id=1001756;Sem ressalva e sem ênfase
CLASSES - FII;11.945.604/0001-27;RB CAPITAL DESENV. RESIDENCIAL II FUNDO DE INVESTIMENTO IMOBILIARIO - RESPONSABILIDADE LIMITADA;2025-06-30;1;2025-09-24;https://fnet.bmfbovespa.com.br/fnet/publico/downloadDocumento?id=997900;Sem ressalva e com ênfase
CLASSES - FII;12.005.956/0001-65;KINEA RENDA IMOBILIÁRIA FUNDO DE INVESTIMENTO IMOBILIÁRIO RESPONSABILIDADE LIMITADA;2025-06-30;1;2025-09-24;https://fnet.bmfbovespa.com.br/fnet/publico/downloadDocumento?id=998028;Sem ressalva e sem ênfase
CLASSES - FII;12.978.943/0001-72;PARQUE ANHANGUERA FUNDO DE INVESTIMENTO IMOBILIÁRIO DE RESPONSABILIDADE LIMITADA;2025-06-30;1;2025-09-18;https://fnet.bmfbovespa.com.br/fnet/publico/downloadDocumento?id=994237;Sem ressalva e sem ênfase
CLASSES - FII;13.000.836/0001-38;OSASCO PROPERTIES FUNDO DE INVESTIMENTO IMOBILIÁRIO - FII;2025-06-30;1;2025-09-29;https://fnet.bmfbovespa.com.br/fnet/publico/downloadDocumento?id=1001504;Abstenção de opinião
CLASSES - FII;14.056.001/0001-62;PERSONALE I FUNDO DE INVESTIMENTO IMOBILIÁRIO RESPONSABILIDADE LIMITADA;2025-06-30;1;2025-09-26;https://fnet.bmfbovespa.com.br/fnet/publico/downloadDocumento?id=999809;Sem ressalva e sem ênfase
CLASSES - FII;14.080.689/0001-16;POLO FII - FII RECEBÍVEIS IMOBILIÁRIOS I - RESPONSABILIDADE LIMITADA;2025-06-30;1;2025-09-26;https://fnet.bmfbovespa.com.br/fnet/publico/downloadDocumento?id=999849;Sem ressalva e sem ênfase
CLASSES - FII;14.410.722/0001-29;TIVIO RENDA IMOBILIÁRIA FUNDO DE INVESTIMENTO IMOBILIÁRIO RESPONSABILIDADE LIMITADA;2025-06-30;1;2025-09-29;https://fnet.bmfbovespa.com.br/fnet/publico/downloadDocumento?id=1001187;Sem ressalva e sem ênfase
CLASSES - FII;14.423.780/0001-97;KINEA II REAL ESTATE EQUITY FUNDO DE INVESTIMENTO IMOBILIÁRIO RESPONSABILIDADE LIMITADA;2025-06-30;1;2025-09-29;https://fnet.bmfbovespa.com.br/fnet/publico/downloadDocumento?id=1001534;Sem ressalva e com ênfase
CLASSES - FII;14.631.148/0001-39;HAZ FUNDO DE INVESTIMENTO IMOBILIÁRIO;2025-06-30;1;2025-09-29;https://fnet.bmfbovespa.com.br/fnet/publico/downloadDocumento?id=1001701;Sem ressalva e sem ênfase
CLASSES - FII;14.788.492/0001-36;PATEO BANDEIRANTES - FUNDO DE INVESTIMENTO IMOBILIÁRIO RESPONSABILIDADE LIMITADA;2025-06-30;1;2025-09-16;https://fnet.bmfbovespa.com.br/fnet/publico/downloadDocumento?id=992700;Sem ressalva e sem ênfase
CLASSES - FII;16.706.958/0001-32;KINEA RENDIMENTOS IMOBILIÁRIOS FUNDO DE INVESTIMENTO IMOBILIÁRIO RESPONSABILIDADE LIMITADA;2025-06-30;1;2025-09-22;https://fnet.bmfbovespa.com.br/fnet/publico/downloadDocumento?id=994939;Sem ressalva e sem ênfase
CLASSES - FII;16.802.360/0001-47;FUNDO DE INVESTIMENTO IMOBILIÁRIO SOFI;2025-06-30;1;2025-09-29;https://fnet.bmfbovespa.com.br/fnet/publico/downloadDocumento?id=1000370;Abstenção de opinião
CLASSES - FII;16.924.913/0001-34;VISTA REAL ESTATE FUNDO DE INVESTIMENTO IMOBILIÁRIO - RESPONSABILIDADE LIMITADA;2025-06-30;1;2025-09-23;https://fnet.bmfbovespa.com.br/fnet/publico/downloadDocumento?id=995825;Sem ressalva e com ênfase
CLASSES - FII;17.007.443/0001-07;TRANSINC FUNDO DE INVESTIMENTO IMOBILIÁRIO RESPONSABILIDADE LIMITADA;2025-06-30;1;2025-09-15;https://fnet.bmfbovespa.com.br/fnet/publico/downloadDocumento?id=990845;Sem ressalva e sem ênfase
CLASSES - FII;17.216.625/0001-98;JPP CAPITAL FUNDO DE INVESTIMENTO IMOBILIÁRIO - FII;2025-06-30;1;2025-09-29;https://fnet.bmfbovespa.com.br/fnet/publico/downloadDocumento?id=1001723;Sem ressalva e sem ênfase
CLASSES - FII;17.655.115/0001-17;SAFIRA FUNDO DE INVESTIMENTO IMOBILIÁRIO - RESP LIMITADA;2025-06-30;1;2025-09-26;https://fnet.bmfbovespa.com.br/fnet/publico/downloadDocumento?id=999639;Sem ressalva e sem ênfase
CLASSES - FII;18.259.637/0001-62;ETR PROPERTIES FUNDO DE INVESTIMENTO IMOBILIÁRIO - FII RESPONSABILIDADE LIMITADA;2025-06-30;1;2025-09-25;https://fnet.bmfbovespa.com.br/fnet/publico/downloadDocumento?id=998798;Sem ressalva e sem ênfase
CLASSES - FII;18.369.510/0001-04;FUNDO DE INVESTIMENTO IMOBILIÁRIO INFRA REAL ESTATE - FII RESPONSABILIDADE LIMITADA;2025-06-30;1;2025-09-26;https://fnet.bmfbovespa.com.br/fnet/publico/downloadDocumento?id=999776;Sem ressalva e sem ênfase
CLASSES - FII;18.730.914/0001-73;FUNDO DE INVESTIMENTO IMOBILIÁRIO EXCLUSIVO INFRA PATRIMONIAL II RESPONSABILIDADE LIMITADA;2025-06-30;2;2025-09-30;https://fnet.bmfbovespa.com.br/fnet/publico/downloadDocumento?id=1001845;Com ressalva
CLASSES - FII;18.979.895/0001-13;CAPITÂNIA SECURITIES II FUNDO DE INVESTIMENTO IMOBILIÁRIO RESPONSABILIDADE LIMITADA;2025-06-30;1;2025-09-26;https://fnet.bmfbovespa.com.br/fnet/publico/downloadDocumento?id=999896;Sem ressalva e sem ênfase
CLASSES - FII;19.249.956/0001-50;LA DÉFENSE FUNDO DE INVESTIMENTO IMOBILIÁRIO - RESPONSABILIDADE LIMITADA;2025-06-30;1;2025-09-29;https://fnet.bmfbovespa.com.br/fnet/publico/downloadDocumento?id=1001014;Sem ressalva e sem ênfase
CLASSES - FII;19.249.989/0001-08;RB CAPITAL DESENVOLVIMENTO RESIDENCIAL III FII - RESPONSABILIDADE LIMITADA;2025-06-30;1;2025-09-23;https://fnet.bmfbovespa.com.br/fnet/publico/downloadDocumento?id=995716;Sem ressalva e sem ênfase
CLASSES - FII;20.019.120/0001-48;4KIDS FUNDO DE INVESTIMENTO IMOBILIÁRIO RESPONSABILIDADE LIMITADA;2025-06-30;1;2025-09-05;https://fnet.bmfbovespa.com.br/fnet/publico/downloadDocumento?id=985835;Sem ressalva e com ênfase
CLASSES - FII;20.132.453/0001-89;BTOWERS FUNDO DE INVESTIMENTO IMOBILIÁRIO RESPONSABILIDADE LIMITADA;2025-06-30;1;2025-09-30;https://fnet.bmfbovespa.com.br/fnet/publico/downloadDocumento?id=1002914;Sem ressalva e sem ênfase
CLASSES - FII;20.990.694/0001-69;FGRP FUNDO DE INVESTIMENTO IMOBILIÁRIO;2025-06-30;1;2025-09-29;https://fnet.bmfbovespa.com.br/fnet/publico/downloadDocumento?id=1001455;Abstenção de opinião
CLASSES - FII;21.500.514/0001-86;PARKING PARTNERS FUNDO DE INVESTIMENTO IMOBILIÁRIO - FII - RESP LIMITADA;2025-06-30;1;2025-09-29;https://fnet.bmfbovespa.com.br/fnet/publico/downloadDocumento?id=1001271;Sem ressalva e sem ênfase
CLASSES - FII;22.459.737/0001-00;MULTI SHOPPINGS FUNDO DE INVESTIMENTO IMOBILIÁRIO RESPONSABILIDADE LIMITADA;2025-06-30;1;2025-09-29;https://fnet.bmfbovespa.com.br/fnet/publico/downloadDocumento?id=1001737;Sem ressalva e sem ênfase
CLASSES - FII;23.648.935/0001-84;FUNDO DE INVESTIMENTO IMOBILIÁRIO MAUÁ CAPITAL RECEBÍVEIS IMOBILIÁRIOS - FII RESPONSABILIDADE LIMITA;2025-06-30;1;2025-09-22;https://fnet.bmfbovespa.com.br/fnet/publico/downloadDocumento?id=994968;Sem ressalva e sem ênfase
CLASSES - FII;23.740.595/0001-17;FUNDO DE INVESTIMENTO IMOBILIÁRIO VOTORANTIM SHOPPING;2025-06-30;1;2025-09-29;https://fnet.bmfbovespa.com.br/fnet/publico/downloadDocumento?id=1001163;Sem ressalva e sem ênfase
CLASSES - FII;23.876.086/0001-16;JT PREV FUNDO DE INVESTIMENTO IMOBILIÁRIO D. HAB;2025-06-30;1;2025-09-29;https://fnet.bmfbovespa.com.br/fnet/publico/downloadDocumento?id=1001639;Com ressalva
CLASSES - FII;23.964.843/0001-03;BRIO REAL ESTATE II - FUNDO DE INVESTIMENTO IMOBILIÁRIO - RESPONSABILIDADE LIMITADA;2025-06-30;1;2025-09-29;https://fnet.bmfbovespa.com.br/fnet/publico/downloadDocumento?id=1000979;Sem ressalva e com ênfase
CLASSES - FII;24.960.430/0001-13;KINEA ÍNDICES DE PREÇOS FUNDO DE INVESTIMENTO IMOBILIÁRIO RESPONSABILIDADE LIMITADA;2025-06-30;1;2025-09-25;https://fnet.bmfbovespa.com.br/fnet/publico/downloadDocumento?id=998956;Sem ressalva e sem ênfase
CLASSES - FII;26.091.656/0001-50;OURINVEST JPP FUNDO DE INVESTIMENTO IMOBILIÁRIO DE  RESPONSABILIDADE LIMITADA;2025-06-30;1;2025-09-29;https://fnet.bmfbovespa.com.br/fnet/publico/downloadDocumento?id=1001362;Sem ressalva e sem ênfase
CLASSES - FII;26.269.251/0001-60;WHITE BEAR FUNDO DE INVESTIMENTO IMOBILIÁRIO - FII;2025-06-30;1;2025-09-26;https://fnet.bmfbovespa.com.br/fnet/publico/downloadDocumento?id=999150;Com ressalva
CLASSES - FII;26.452.179/0001-01;VIRACONDO FUNDO DE INVESTIMENTO IMOBILIÁRIO;2025-06-30;1;2025-09-29;https://fnet.bmfbovespa.com.br/fnet/publico/downloadDocumento?id=1001458;Abstenção de opinião
CLASSES - FII;26.846.280/0001-47;FUNDO DE INVESTIMENTO IMOBILIÁRIO FUTURO RESPONSABILIDADE LIMITADA;2025-06-30;1;2025-09-29;https://fnet.bmfbovespa.com.br/fnet/publico/downloadDocumento?id=1001521;Abstenção de opinião
CLASSES - FII;27.445.482/0001-40;HEDGE AAA FUNDO DE INVESTIMENTO IMOBILIÁRIO DE RESPONSABILIDADE LIMITADA;2025-06-30;1;2025-09-26;https://fnet.bmfbovespa.com.br/fnet/publico/downloadDocumento?id=999602;Sem ressalva e sem ênfase
CLASSES - FII;27.539.651/0001-00;TRADE INVEST CARE II FUNDO DE INVESTIMENTO IMOBILIÁRIO;2025-06-30;1;2025-09-26;https://fnet.bmfbovespa.com.br/fnet/publico/downloadDocumento?id=999800;Abstenção de opinião
CLASSES - FII;28.267.696/0001-36;RIZA ARCTIUM REAL ESTATE FII - FUNDO DE INVESTIMENTO IMOBILIÁRIO RESPONSABILIDADE LIMITADA;2025-06-30;1;2025-09-29;https://fnet.bmfbovespa.com.br/fnet/publico/downloadDocumento?id=1001495;Sem ressalva e com ênfase
CLASSES - FII;28.516.325/0001-40;XP INDUSTRIAL FUNDO DE INVESTIMENTO IMOBILIÁRIO;2025-06-30;1;2025-09-29;https://fnet.bmfbovespa.com.br/fnet/publico/downloadDocumento?id=1001731;Sem ressalva e sem ênfase
CLASSES - FII;28.737.771/0001-85;ALIANZA TRUST RENDA IMOBILIÁRIA - FUNDO DE INVESTIMENTO IMOBILIÁRIO RESPONSABILIDADE LIMITADA;2025-06-30;1;2025-09-29;https://fnet.bmfbovespa.com.br/fnet/publico/downloadDocumento?id=1000942;Sem ressalva e sem ênfase
CLASSES - FII;28.830.325/0001-10;FUNDO DE INVESTIMENTO IMOBILIÁRIO IRIDIUM RECEBÍVEIS IMOBILIÁRIOS RESPONSABILIDADE LIMITADA;2025-06-30;1;2025-09-29;https://fnet.bmfbovespa.com.br/fnet/publico/downloadDocumento?id=1001710;Sem ressalva e sem ênfase
CLASSES - FII;28.899.178/0001-35;FII HIRE PROPERTIES I - FUNDO DE INVESTIMENTO IMOBILIÁRIO;2025-06-30;1;2025-10-02;https://fnet.bmfbovespa.com.br/fnet/publico/downloadDocumento?id=1004747;Sem ressalva e sem ênfase
CLASSES - FII;29.467.977/0001-03;FUNDO DE INVESTIMENTO IMOBILIARIO - FII RBR RENDIMENTO HIGH GRADE RESPONSABILIDADE LIMITADA;2025-06-30;1;2025-09-11;https://fnet.bmfbovespa.com.br/fnet/publico/downloadDocumento?id=988930;Sem ressalva e sem ênfase
CLASSES - FII;29.852.732/0001-91;VALORA CRI CDI FUNDO DE INVESTIMENTO IMOBILIÁRIO - FII RESPONSABILIDADE LIMITADA;2025-06-30;1;2025-09-09;https://fnet.bmfbovespa.com.br/fnet/publico/downloadDocumento?id=986849;Sem ressalva e sem ênfase
CLASSES - FII;30.091.444/0001-40;FUNDO DE FUNDOS DE INVESTIMENTO IMOBILIÁRIO KINEA FII RESPONSABILIDADE LIMITADA;2025-06-30;1;2025-09-24;https://fnet.bmfbovespa.com.br/fnet/publico/downloadDocumento?id=998030;Sem ressalva e sem ênfase
F.I.I.;30.130.708/0001-28;KINEA HIGH YIELD CRI FUNDO DE INVESTIMENTO IMOBILIÁRIO  RESPONSABILIDADE LIMITADA;2025-06-30;1;2025-09-26;https://fnet.bmfbovespa.com.br/fnet/publico/downloadDocumento?id=999869;Sem ressalva e sem ênfase
CLASSES - FII;30.166.700/0001-11;FUNDO DE INVESTIMENTO IMOBILIÁRIO RBR CRÉDITO IMOBILIÁRIO ESTRUTURADO RESPONSABILIDADE LIMITADA;2025-06-30;1;2025-09-22;https://fnet.bmfbovespa.com.br/fnet/publico/downloadDocumento?id=994973;Sem ressalva e sem ênfase
CLASSES - FII;30.629.603/0001-18;FUNDO DE INVESTIMENTO IMOBILIÁRIO VBI LOGÍSTICO - RESPONSABILIDADE LIMITADA;2025-06-30;1;2025-09-22;https://fnet.bmfbovespa.com.br/fnet/publico/downloadDocumento?id=994961;Sem ressalva e sem ênfase
CLASSES - FII;30.846.692/0001-54;METROPOLITANO - FUNDO DE INVESTIMENTO IMOBILIÁRIO - RESPONSABILIDADE LIMITADA;2025-06-30;1;2025-09-29;https://fnet.bmfbovespa.com.br/fnet/publico/downloadDocumento?id=1001138;Sem ressalva e com ênfase
CLASSES - FII;30.982.880/0001-00;JPP CAPITAL RECEBÍVEIS IMOBILIÁRIOS FUNDO DE INVESTIMENTO IMOBILIÁRIO DE  RESPONSABILIDADE LIMITADA;2025-06-30;1;2025-09-29;https://fnet.bmfbovespa.com.br/fnet/publico/downloadDocumento?id=1001303;Sem ressalva e sem ênfase
CLASSES - FII;31.161.410/0001-48;RB CAPITAL DESENVOLVIMENTO RESIDENCIAL IV FUNDO DE INVESTIMENTO IMOBILIÁRIO - FII - RESP. LTDA.;2025-06-30;2;2025-09-25;https://fnet.bmfbovespa.com.br/fnet/publico/downloadDocumento?id=998217;Sem ressalva e sem ênfase
CLASSES - FII;31.373.514/0001-16;SÃO JORGE FUNDO DE INVESTIMENTO IMOBILIÁRIO;2025-06-30;1;2025-09-30;https://fnet.bmfbovespa.com.br/fnet/publico/downloadDocumento?id=1001803;Abstenção de opinião
CLASSES - FII;31.544.514/0001-31;FUNDO DE INVESTIMENTO IMOBILIARIO MIRANTE DAS AGUAS;2025-06-30;1;2025-09-16;https://fnet.bmfbovespa.com.br/fnet/publico/downloadDocumento?id=992893;Abstenção de opinião
CLASSES - FII;32.140.405/0001-11;G5 ALLOCATION FUNDO DE INVESTIMENTO IMOBILIÁRIO;2025-06-30;1;2025-09-29;https://fnet.bmfbovespa.com.br/fnet/publico/downloadDocumento?id=1001346;Sem ressalva e com ênfase
CLASSES - FII;32.317.313/0001-64;EVEN II KINEA FUNDO DE INVESTIMENTO IMOBILIÁRIO RESPONSABILIDADE LIMITADA;2025-06-30;1;2025-09-29;https://fnet.bmfbovespa.com.br/fnet/publico/downloadDocumento?id=1001558;Sem ressalva e sem ênfase
CLASSES - FII;32.400.250/0001-05;VECTIS JUROS REAL FUNDO DE INVESTIMENTO IMOBILIÁRIO RESPONSABILIDADE LIMITADA;2025-06-30;2;2025-09-30;https://fnet.bmfbovespa.com.br/fnet/publico/downloadDocumento?id=1002209;Sem ressalva e sem ênfase
CLASSES - FII;32.441.656/0001-36;FUNDO DE INVESTIMENTO IMOBILIÁRIO - FII RBR DESENVOLVIMENTO III RESPONSABILIDADE LIMITADA;2025-06-30;1;2025-09-22;https://fnet.bmfbovespa.com.br/fnet/publico/downloadDocumento?id=994954;Sem ressalva e sem ênfase
CLASSES - FII;32.527.552/0001-49;VIC DESENVOLVIMENTO - VINTAGE 20/21 FUNDO DE INVESTIMENTO IMOBILIÁRIO - RESPONSABILIDADE LIMITADA;2025-06-30;1;2025-09-29;https://fnet.bmfbovespa.com.br/fnet/publico/downloadDocumento?id=1000931;Sem ressalva e sem ênfase
CLASSES - FII;32.527.626/0001-47;NEWPORT LOGÍSTICA FUNDO DE INVESTIMENTO IMOBILIÁRIO RESPONSABILIDADE LIMITADA;2025-06-30;1;2025-09-29;https://fnet.bmfbovespa.com.br/fnet/publico/downloadDocumento?id=1001721;Sem ressalva e sem ênfase
CLASSES - FII;32.527.683/0001-26;PLURAL RECEBÍVEIS IMOBILIÁRIOS FII - RESPONSABILIDADE LIMITADA;2025-09-29;1;2025-09-29;https://fnet.bmfbovespa.com.br/fnet/publico/downloadDocumento?id=1001727;Sem ressalva e sem ênfase
CLASSES - FII;32.667.306/0001-92;M8 FUNDO DE INVESTIMENTO IMOBILIÁRIO MULTIESTRATÉGIA PONSABILIDADE LIMITADA;2025-06-30;1;2025-09-05;https://fnet.bmfbovespa.com.br/fnet/publico/downloadDocumento?id=985840;Sem ressalva e sem ênfase
CLASSES - FII;32.754.734/0001-52;VBI AGRO - FUNDO DE INVESTIMENTO IMOBILIÁRIO - RESPONSABILIDADE LIMITADA;2025-06-30;1;2025-09-26;https://fnet.bmfbovespa.com.br/fnet/publico/downloadDocumento?id=999887;Sem ressalva e sem ênfase
CLASSES - FII;32.892.018/0001-31;HSI MALLS FUNDO DE INVESTIMENTO IMOBILIÁRIO DE RESPONSABILIDADE LIMITADA;2025-06-30;1;2025-09-29;https://fnet.bmfbovespa.com.br/fnet/publico/downloadDocumento?id=1001472;Sem ressalva e sem ênfase
CLASSES - FII;32.903.621/0001-71;HSI LOGÍSTICA FUNDO DE INVESTIMENTO IMOBILIÁRIO DE RESP LIMITADA;2025-06-30;1;2025-09-26;https://fnet.bmfbovespa.com.br/fnet/publico/downloadDocumento?id=999650;Sem ressalva e sem ênfase
CLASSES - FII;32.903.661/0001-13;HSI LOG II FUNDO DE INVESTIMENTO IMOBILIÁRIO DE RESPONSABILIDADE LIMITADA;2025-06-30;1;2025-09-26;https://fnet.bmfbovespa.com.br/fnet/publico/downloadDocumento?id=999651;Sem ressalva e sem ênfase
CLASSES - FII;33.046.142/0001-49;BTG PACTUAL SHOPPINGS FUNDO DE INVESTIMENTO IMOBILIÁRIO RESPONSABILIDADE LIMITADA;2025-06-30;1;2025-09-26;https://fnet.bmfbovespa.com.br/fnet/publico/downloadDocumento?id=999890;Sem ressalva e sem ênfase
CLASSES - FII;34.197.776/0001-65;MOGNO HOTÉIS - FUNDO DE INVESTIMENTO IMOBILIÁRIO RESPONSABILIDADE LIMITADA;2025-06-30;1;2025-09-26;https://fnet.bmfbovespa.com.br/fnet/publico/downloadDocumento?id=999888;Sem ressalva e sem ênfase
CLASSES - FII;34.197.811/0001-46;VALORA CRI ÍNDICE DE PREÇO FUNDO DE INVESTIMENTO IMOBILIÁRIO - FII RESPONSABILIDADE LIMITADA;2025-06-30;1;2025-09-09;https://fnet.bmfbovespa.com.br/fnet/publico/downloadDocumento?id=986852;Sem ressalva e sem ênfase
CLASSES - FII;34.691.520/0001-00;CAPITÂNIA HBC RENDA URBANA FUNDO DE INVESTIMENTO IMOBILIÁRIO RESPONSABILIDADE  LIMITADA;2025-06-30;1;2025-09-29;https://fnet.bmfbovespa.com.br/fnet/publico/downloadDocumento?id=1000774;Sem ressalva e sem ênfase
CLASSES - FII;34.736.474/0001-18;RBR DESENVOLVIMENTO COMERCIAL I - FUNDO DE INVESTIMENTO IMOBILIÁRIO RESPONSABILIDADE LIMITADA;2025-06-30;1;2025-09-29;https://fnet.bmfbovespa.com.br/fnet/publico/downloadDocumento?id=1001341;Sem ressalva e com ênfase
F.I.I.;34.835.191/0001-23;INTER RESIDENCE FUNDO DE INVESTIMENTO IMOBILIÁRIO FII RESPONSABILIDADE LIMITADA;2025-06-30;1;2025-09-29;https://fnet.bmfbovespa.com.br/fnet/publico/downloadDocumento?id=1000856;Sem ressalva e sem ênfase
CLASSES - FII;34.895.752/0001-80;BRIO REAL ESTATE III - FUNDO DE INVESTIMENTO IMOBILIÁRIO - RESPONSABILIDADE LIMITADA;2025-06-30;1;2025-09-26;https://fnet.bmfbovespa.com.br/fnet/publico/downloadDocumento?id=999665;Sem ressalva e com ênfase
CLASSES - FII;35.360.687/0001-50;HSI ATIVOS FINANCEIROS FUNDO DE INVESTIMENTO IMOBILIÁRIO DE RESP LIMITADA;2025-06-30;1;2025-09-26;https://fnet.bmfbovespa.com.br/fnet/publico/downloadDocumento?id=999654;Sem ressalva e sem ênfase
CLASSES - FII;35.507.262/0001-21;HEDGE RECEBÍVEIS IMOBILIÁRIOS FUNDO DE INVESTIMENTO IMOBILIÁRIO DE RESPONSABILIDADE LIMITADA;2025-06-30;1;2025-09-22;https://fnet.bmfbovespa.com.br/fnet/publico/downloadDocumento?id=995383;Sem ressalva e sem ênfase
CLASSES - FII;35.507.457/0001-71;VBI REITS MULTIESTRATEGIA FUNDO  DE INVESTIMENTO IMOBILIARIO - RESPONSABILIDADE LIMITADA;2025-06-30;1;2025-09-29;https://fnet.bmfbovespa.com.br/fnet/publico/downloadDocumento?id=1000283;Sem ressalva e sem ênfase
CLASSES - FII;35.586.415/0001-73;HEDGE SHOPPING PARQUE DOM PEDRO FUNDO DE INVESTIMENTO IMOBILIÁRIO DE RESPONSABILIDADE LIMITADA;2025-06-30;1;2025-09-25;https://fnet.bmfbovespa.com.br/fnet/publico/downloadDocumento?id=998660;Sem ressalva e sem ênfase
CLASSES - FII;35.652.081/0001-99;GOLDEN LOGÍSTICA FUNDO DE INVESTIMENTO IMOBILIÁRIO RESPONSABILIDADE LIMITADA;2025-06-30;1;2025-09-25;https://fnet.bmfbovespa.com.br/fnet/publico/downloadDocumento?id=998811;Sem ressalva e com ênfase
CLASSES - FII;35.652.102/0001-76;FUNDO DE INVESTIMENTO IMOBILIÁRIO VBI PRIME PROPERTIES - RESPONSABILIDADE LIMITADA;2025-06-30;1;2025-09-26;https://fnet.bmfbovespa.com.br/fnet/publico/downloadDocumento?id=999897;Sem ressalva e sem ênfase
CLASSES - FII;35.652.174/0001-13;FUNDO DE INVESTIMENTO IMOBILIÁRIO RBR CRÉDITO IMOBILIÁRIO SPECIAL OPPORTUNITIES RESPONSABILIDADE;2025-06-30;1;2025-09-04;https://fnet.bmfbovespa.com.br/fnet/publico/downloadDocumento?id=984406;Sem ressalva e sem ênfase
CLASSES - FII;35.652.227/0001-04;RB CAPITAL LOGÍSTICO FUNDO DE INVESTIMENTO IMOBILIÁRIO  FII RESPONSABILIDADE LIMITADA;2025-06-30;1;2025-09-22;https://fnet.bmfbovespa.com.br/fnet/publico/downloadDocumento?id=995504;Sem ressalva e sem ênfase
CLASSES - FII;35.652.252/0001-80;NAVI IMOBILIÁRIO TOTAL RETURN FUNDO DE INVESTIMENTO IMOBILIÁRIO RESPONSABILIDADE LIMITADA;2025-06-30;1;2025-09-29;https://fnet.bmfbovespa.com.br/fnet/publico/downloadDocumento?id=1000816;Sem ressalva e sem ênfase
CLASSES - FII;35.652.278/0001-28;RAIZZ RENDA LOGÍSTICA FUNDO DE INVESTIMENTO IMOBILIÁRIO RESPONSABILIDADE LIMITADA;2025-06-30;1;2025-09-26;https://fnet.bmfbovespa.com.br/fnet/publico/downloadDocumento?id=999647;Sem ressalva e sem ênfase
CLASSES - FII;35.688.460/0001-39;HEDGE PALADIN DESIGN OFFICES FUNDO DE INVESTIMENTO IMOBILIÁRIO DE RESPONSABILIDADE LIMITADA;2025-06-30;1;2025-09-19;https://fnet.bmfbovespa.com.br/fnet/publico/downloadDocumento?id=994765;Sem ressalva e sem ênfase
CLASSES - FII;35.689.497/0001-81;HEDGE SEED FUNDO DE INVESTIMENTO IMOBILIARIO DE RESPONSABILIDADE LIMITADA;2025-06-30;1;2025-09-26;https://fnet.bmfbovespa.com.br/fnet/publico/downloadDocumento?id=999604;Sem ressalva e sem ênfase
CLASSES - FII;35.864.448/0001-38;KINEA SECURITIES FUNDO DE INVESTIMENTO IMOBILIÁRIO RESPONSABILIDADE LIMITADA;2025-06-30;1;2025-09-22;https://fnet.bmfbovespa.com.br/fnet/publico/downloadDocumento?id=994940;Sem ressalva e sem ênfase
F.I.I.;36.293.425/0001-83;INTER TEVA ÍNDICE DE TIJOLO FUNDO DE INVESTIMENTO IMOBILIÁRIO FII RESPONSABILIDADE LIMITADA;2025-06-30;1;2025-09-29;https://fnet.bmfbovespa.com.br/fnet/publico/downloadDocumento?id=1001034;Sem ressalva e sem ênfase
F.I.I.;36.312.772/0001-06;INTER TEVA ÍNDICE DE PAPEL FUNDO DE INVESTIMENTO IMOBILIÁRIO FII RESPONSABILIDADE LIMITADA;2025-06-30;1;2025-09-29;https://fnet.bmfbovespa.com.br/fnet/publico/downloadDocumento?id=1001191;Sem ressalva e sem ênfase
CLASSES - FII;36.501.159/0001-37;FUNDO DE INVESTIMENTO IMOBILIÁRIO HBC RENDA URBANA;2025-06-30;1;2025-09-25;https://fnet.bmfbovespa.com.br/fnet/publico/downloadDocumento?id=998843;Sem ressalva e com ênfase
CLASSES - FII;36.501.210/0001-00;BARRA MALLS FUNDO DE INVESTIMENTO IMOBILIÁRIO;2025-06-30;1;2025-09-29;https://fnet.bmfbovespa.com.br/fnet/publico/downloadDocumento?id=1001729;Sem ressalva e com ênfase
CLASSES - FII;36.501.233/0001-15;CYRELA CRÉDITO - FUNDO DE INVESTIMENTO IMOBILIÁRIO - RESPONSABILIDADE LIMITADA;2025-06-30;1;2025-09-30;https://fnet.bmfbovespa.com.br/fnet/publico/downloadDocumento?id=1001798;Sem ressalva e sem ênfase
CLASSES - FII;36.642.219/0001-31;RIZA AKIN FUNDO DE INVESTIMENTO IMOBILIÁRIO RESPONSABILIDADE LIMITADA;2025-06-30;1;2025-09-26;https://fnet.bmfbovespa.com.br/fnet/publico/downloadDocumento?id=999624;Sem ressalva e sem ênfase
CLASSES - FII;36.642.244/0001-15;BTG PACTUAL AGRO LOGÍSTICA FUNDO DE INVESTIMENTO IMOBILIÁRIO RESPONSABILIDADE LIMITADA;2025-06-30;1;2025-09-29;https://fnet.bmfbovespa.com.br/fnet/publico/downloadDocumento?id=1001690;Sem ressalva e com ênfase
CLASSES - FII;36.642.275/0001-76;FUNDO DE INVESTIMENTO IMOBILIÁRIO - FII RBR DESENVOLVIMENTO IV RESPONSABILIDADE LIMITADA;2025-06-30;1;2025-09-23;https://fnet.bmfbovespa.com.br/fnet/publico/downloadDocumento?id=997184;Sem ressalva e sem ênfase
CLASSES - FII;36.642.293/0001-58;AF INVEST CRI FUNDO DE INVESTIMENTO IMOBILIÁRIO RECEBÍVEIS IMOBILIÁRIOS RESPONSABILIDADE LIMITADA;2025-06-30;1;2025-09-08;https://fnet.bmfbovespa.com.br/fnet/publico/downloadDocumento?id=986766;Sem ressalva e sem ênfase
CLASSES - FII;36.669.535/0001-05;VÊNUS FUNDO DE INVESTIMENTO IMOBILIÁRIO RESPONSABILIDADE LIMITADA;2025-06-30;1;2025-09-25;https://fnet.bmfbovespa.com.br/fnet/publico/downloadDocumento?id=998207;Sem ressalva e sem ênfase
CLASSES - FII;36.814.809/0001-02;R CAP 1810 FUNDO DE FUNDOS - FUNDO DE INVESTIMENTO IMOBILIÁRIO;2025-06-30;3;2025-09-29;https://fnet.bmfbovespa.com.br/fnet/publico/downloadDocumento?id=1001208;Com ressalva
CLASSES - FII;37.037.297/0001-70;GALAPAGOS RECEBÍVEIS DO AGRONEGÓCIO - FIAGRO-IMOBILIÁRIO RESPONSABILIDADE LIMITADA;2025-06-30;1;2025-09-29;https://fnet.bmfbovespa.com.br/fnet/publico/downloadDocumento?id=1001512;Sem ressalva e com ênfase
F.I.I.;38.051.307/0001-94;FUNDO DE INVESTIMENTO IMOBILIÁRIO - BLUE RECEBÍVEIS IMOBILIÁRIOS;2025-06-30;1;2025-09-29;https://fnet.bmfbovespa.com.br/fnet/publico/downloadDocumento?id=1001340;Sem ressalva e sem ênfase
CLASSES - FII;38.293.862/0001-22;ALIANZA DIGITAL REALTY FUNDO DE INVESTIMENTO IMOBILIÁRIO RESPONSABILIDADE LIMITADA;2025-06-30;1;2025-08-19;https://fnet.bmfbovespa.com.br/fnet/publico/downloadDocumento?id=974757;Sem ressalva e sem ênfase
CLASSES - FII;38.293.897/0001-61;GALAPAGOS RECEBÍVEIS IMOBILIÁRIOS FUNDO DE INVESTIMENTO IMOBILIÁRIO RESPONSABILIDADE LIMITADA;2025-06-30;1;2025-09-29;https://fnet.bmfbovespa.com.br/fnet/publico/downloadDocumento?id=1001503;Sem ressalva e com ênfase
CLASSES - FII;38.456.508/0001-71;HGI CRÉDITOS IMOBILIÁRIOS FUNDO DE INVESTIMENTO IMOBILIÁRIO RESPONSABILIDADE LIMITADA;2025-06-30;1;2025-09-29;https://fnet.bmfbovespa.com.br/fnet/publico/downloadDocumento?id=1001466;Com ressalva
CLASSES - FII;39.332.032/0001-20;BRIO CRÉDITO ESTRUTURADO - FUNDO DE INVESTIMENTO IMOBILIÁRIO - RESPONSABILIDADE LIMITADA;2025-06-30;1;2025-09-26;https://fnet.bmfbovespa.com.br/fnet/publico/downloadDocumento?id=999667;Sem ressalva e com ênfase
CLASSES - FII;39.591.218/0001-01;BASÍLICA PARTNERS MEDWELL FUNDO DE INVESTIMENTO IMOBILIÁRIO FII RESPONSABILIDADE LIMITADA;2025-06-30;2;2025-10-02;https://fnet.bmfbovespa.com.br/fnet/publico/downloadDocumento?id=1004712;Sem ressalva e sem ênfase
CLASSES - FII;40.011.225/0001-68;SUNO FUNDO DE FUNDOS DE INVESTIMENTO IMOBILIÁRIO FUNDO DE INVESTIMENTO IMOBILIÁRIO RESPONSABILIDADE;2025-06-30;1;2025-09-29;https://fnet.bmfbovespa.com.br/fnet/publico/downloadDocumento?id=1001748;Sem ressalva e sem ênfase
CLASSES - FII;40.011.234/0001-59;FUNDO DE INVESTIMENTO IMOBILIÁRIO - MAUÁ CAPITAL DESENVOLVIMENTO URBANO RESPONSABILIDADE LIMITADA;2025-06-30;1;2025-09-23;https://fnet.bmfbovespa.com.br/fnet/publico/downloadDocumento?id=997182;Sem ressalva e sem ênfase
CLASSES - FII;40.011.251/0001-96;CRI INTEGRAL BREI FUNDO DE INVESTIMENTO IMOBILIÁRIO RESPONSABILIDADE LIMITADA;2025-06-30;1;2025-09-08;https://fnet.bmfbovespa.com.br/fnet/publico/downloadDocumento?id=986769;Sem ressalva e sem ênfase
CLASSES - FII;40.011.279/0001-23;ALIANZA ÍTACA DESENVOLVIMENTO FUNDO DE INVESTIMENTO IMOBILIÁRIO RESPONSABILIDADE LIMITADA;2025-06-30;1;2025-08-21;https://fnet.bmfbovespa.com.br/fnet/publico/downloadDocumento?id=975525;Sem ressalva e sem ênfase
CLASSES - FII;40.011.324/0001-40;ALIANZA CRÉDITO IMOBILIÁRIO FUNDO DE INVESTIMENTO IMOBILIÁRIO RESPONSABILIDADE LIMITADA;2025-06-30;1;2025-09-26;https://fnet.bmfbovespa.com.br/fnet/publico/downloadDocumento?id=999600;Sem ressalva e sem ênfase
CLASSES - FII;40.041.603/0001-56;NAVI CRÉDITO IMOBILIÁRIO FUNDO DE INVESTIMENTO IMOBILIÁRIO - RESPONSABILIDADE LIMITADA;2025-06-30;1;2025-09-26;https://fnet.bmfbovespa.com.br/fnet/publico/downloadDocumento?id=999695;Sem ressalva e sem ênfase
CLASSES - FII;40.189.596/0001-34;FUNDO DE INVESTIMENTO IMOBILIÁRIO CAIXA AGÊNCIAS - RESPONSABILIDADE LIMITADA;2025-06-30;1;2025-09-26;https://fnet.bmfbovespa.com.br/fnet/publico/downloadDocumento?id=999740;Sem ressalva e sem ênfase
CLASSES - FII;40.343.867/0001-64;HIGH FUNDO DE INVESTIMENTO AGRO - FIAGRO - IMOBILIÁRIO RESPONSABILIDADE LIMITADA;2025-06-30;1;2025-09-30;https://fnet.bmfbovespa.com.br/fnet/publico/downloadDocumento?id=1003699;Com ressalva
CLASSES - FII;40.575.940/0001-23;ZAVIT REAL ESTATE FUND - FUNDO DE INVESTIMENTO IMOBILIÁRIO - RESPONSABILIDADE LIMITADA;2025-06-30;1;2025-09-29;https://fnet.bmfbovespa.com.br/fnet/publico/downloadDocumento?id=1001428;Sem ressalva e com ênfase
CLASSES - FII;41.076.380/0001-25;EQI RECEBÍVEIS IMOBILIÁRIOS FUNDO DE INVESTIMENTO IMOBILIÁRIO RESPONSABILIDADE LIMITADA;2025-06-30;1;2025-09-08;https://fnet.bmfbovespa.com.br/fnet/publico/downloadDocumento?id=986767;Sem ressalva e sem ênfase
CLASSES - FII;41.076.564/0001-95;IRIDIUM FUNDO DE INVESTIMENTO IMOBILIÁRIO RESPONSABILIDADE LIMITADA;2025-06-30;1;2025-09-29;https://fnet.bmfbovespa.com.br/fnet/publico/downloadDocumento?id=1001154;Sem ressalva e sem ênfase
CLASSES - FII;41.076.823/0001-88;ALIANZA URBAN HUB RENDA FUNDO DE INVESTIMENTO IMOBILIÁRIO RESPONSABILIDADE LIMITADA;2025-06-30;1;2025-09-26;https://fnet.bmfbovespa.com.br/fnet/publico/downloadDocumento?id=999892;Sem ressalva e sem ênfase
CLASSES - FII;41.076.851/0001-03;EXES FUNDO DE INVESTIMENTO IMOBILIÁRIO RESPONSABILIDADE LIMITADA;2025-06-30;1;2025-09-08;https://fnet.bmfbovespa.com.br/fnet/publico/downloadDocumento?id=986768;Sem ressalva e sem ênfase
CLASSES - FII;41.080.968/0001-52;FUNDO DE INVESTIMENTO IMOBILIÁRIO MAUÁ CAPITAL MPD DESENVOLVIMENTO RESIDENCIAL RESP LIMITADA;2025-06-30;1;2025-08-21;https://fnet.bmfbovespa.com.br/fnet/publico/downloadDocumento?id=975526;Sem ressalva e sem ênfase
CLASSES - FII;41.081.088/0001-09;VALORA CRA FUNDO DE INVESTIMENTO NAS CADEIRAS PRODUTIVAS DO AGRONEGÓCIO FIAGRO - RESP LIMITADA;2025-06-30;1;2025-09-29;https://fnet.bmfbovespa.com.br/fnet/publico/downloadDocumento?id=1000981;Sem ressalva e sem ênfase
CLASSES - FII;41.081.356/0001-84;BRIO MULTIESTRATÉGIA - FUNDO DE INVESTIMENTO IMOBILIÁRIO RESPONSABILIDADE LIMITADA;2025-06-30;1;2025-09-26;https://fnet.bmfbovespa.com.br/fnet/publico/downloadDocumento?id=999689;Sem ressalva e sem ênfase
CLASSES - FII;41.256.643/0001-88;WHG REAL ESTATE FUNDO DE INVESTIMENTO IMOBILIÁRIO - FII RESPONSABILIDADE LIMITADA;2025-06-30;1;2025-09-29;https://fnet.bmfbovespa.com.br/fnet/publico/downloadDocumento?id=1001776;Sem ressalva e sem ênfase
CLASSES - FII;41.673.359/0001-07;CLD GUARULHOS - FUNDO DE INVESTIMENTO IMOBILIÁRIO - FII;2025-06-30;1;2025-09-29;https://fnet.bmfbovespa.com.br/fnet/publico/downloadDocumento?id=1001452;Sem ressalva e sem ênfase
CLASSES - FII;41.969.537/0001-41;ANGRA FUNDO DE INVESTIMENTO IMOBILIÁRIO;2025-06-30;1;2025-09-22;https://fnet.bmfbovespa.com.br/fnet/publico/downloadDocumento?id=995032;Abstenção de opinião
CLASSES - FII;42.405.905/0001-91;FG/AGRO FUNDO DE INVESTIMENTO NAS CADEIAS PRODUTIVAS AGROIND FIAGRO IMOBILIÁRIO RESP LIMITADA;2025-06-30;1;2025-09-29;https://fnet.bmfbovespa.com.br/fnet/publico/downloadDocumento?id=1001323;Com ressalva
CLASSES - FII;42.432.327/0001-82;NAVI RESIDENCIAL FUNDO DE INVESTIMENTO IMOBILIÁRIO - RESPONSABILIDADE  LIMITADA;2025-06-30;1;2025-09-26;https://fnet.bmfbovespa.com.br/fnet/publico/downloadDocumento?id=999678;Sem ressalva e sem ênfase
CLASSES - FII;42.502.802/0001-40;KINEA CREDITAS FUNDO DE INVESTIMENTO IMOBILIÁRIO RESPONSABILIDADE LIMITADA;2025-06-30;1;2025-09-22;https://fnet.bmfbovespa.com.br/fnet/publico/downloadDocumento?id=994943;Sem ressalva e sem ênfase
CLASSES - FII;42.502.842/0001-91;RBR PREMIUM RECEBÍVEIS IMOBILIÁRIOS FUNDO DE INVESTIMENTO IMOBILIÁRIO RESPONSABILIDADE LIMITADA;2025-06-30;1;2025-09-29;https://fnet.bmfbovespa.com.br/fnet/publico/downloadDocumento?id=1001579;Sem ressalva e sem ênfase
CLASSES - FII;42.537.438/0001-53;FYTO RECEBÍVEIS DO AGRONEGÓCIO - FIAGRO IMOBILIÁRIO - RESPONSABILIDADE LIMITADA;2025-06-30;1;2025-09-05;https://fnet.bmfbovespa.com.br/fnet/publico/downloadDocumento?id=985815;Sem ressalva e sem ênfase
CLASSES - FII;42.537.492/0001-07;PRIME OFFICES III FUNDO DE INVESTIMENTO IMOBILIÁRIO RESPONSABILIDADE LIMITADA;2025-06-30;1;2025-09-25;https://fnet.bmfbovespa.com.br/fnet/publico/downloadDocumento?id=998813;Sem ressalva e sem ênfase
CLASSES - FII;42.537.540/0001-59;BRICK 80 FUNDO DE INVESTIMENTO IMOBILIÁRIO -RESPONSABILIDADELIMITADA;2025-06-30;1;2025-09-29;https://fnet.bmfbovespa.com.br/fnet/publico/downloadDocumento?id=1000966;Sem ressalva e sem ênfase
CLASSES - FII;42.537.579/0001-76;CAPITANIA AGRO STRATEGIES - FIAGRO-IMOBILIÁRIO RESPONSABILIDADE LIMITADA;2025-06-30;1;2025-09-29;https://fnet.bmfbovespa.com.br/fnet/publico/downloadDocumento?id=1000176;Sem ressalva e sem ênfase
F.I.I.;42.692.399/0001-69;INTER AMERRA FIAGRO FUNDO DE INVESTIMENTO IMOBILIÁRIO RESPONSABILIDADE LIMITADA;2025-06-30;1;2025-09-29;https://fnet.bmfbovespa.com.br/fnet/publico/downloadDocumento?id=1001053;Sem ressalva e sem ênfase
CLASSES - FII;42.737.059/0001-07;KINEA PREMIUM PROPERTIES FUNDO DE INVESTIMENTO IMOBILIÁRIO - RESPONSABILIDADE LIMITADA;2025-06-30;1;2025-09-22;https://fnet.bmfbovespa.com.br/fnet/publico/downloadDocumento?id=994946;Sem ressalva e sem ênfase
CLASSES - FII;42.737.077/0001-99;ITAÚ TEMPUS FUNDO DE INVESTIMENTO IMOBILIÁRIO RESPONSABILIDADE LIMITADA;2025-06-30;1;2025-09-29;https://fnet.bmfbovespa.com.br/fnet/publico/downloadDocumento?id=1001587;Sem ressalva e sem ênfase
CLASSES - FII;42.754.342/0001-47;KINEA HEDGE FUND FUNDO DE INVESTIMENTO IMOBILIÁRIO - RESPONSABILIDADE LIMITADA;2025-06-30;1;2025-09-22;https://fnet.bmfbovespa.com.br/fnet/publico/downloadDocumento?id=994948;Sem ressalva e sem ênfase
CLASSES - FII;42.754.362/0001-18;KINEA UNIQUE HY CDI FUNDO DE INVESTIMENTO IMOBILIÁRIO RESPONSABILIDADE LIMITADA;2025-06-30;1;2025-09-22;https://fnet.bmfbovespa.com.br/fnet/publico/downloadDocumento?id=994950;Sem ressalva e sem ênfase
CLASSES - FII;42.869.892/0001-01;BRIO REAL ESTATE IV - FUNDO DE INVESTIMENTO IMOBILIÁRIO - RESPONSABILIDADE LIMITADA;2025-06-30;1;2025-09-26;https://fnet.bmfbovespa.com.br/fnet/publico/downloadDocumento?id=999701;Sem ressalva e sem ênfase
CLASSES - FII;42.888.292/0001-90;FIAGRO JGP CRÉDITO - FIAGRO - IMOBILIÁRIO DE RESPONSABILIDADE LIMITADA;2025-06-30;1;2025-09-29;https://fnet.bmfbovespa.com.br/fnet/publico/downloadDocumento?id=1001703;Sem ressalva e sem ênfase
CLASSES - FII;43.008.233/0001-43;BTG PACTUAL CRÉDITO PARA INCORPORAÇÃO FII FI IMOBILIÁRIO RESPONSABILIDADE LIMITADA;2025-06-30;1;2025-09-24;https://fnet.bmfbovespa.com.br/fnet/publico/downloadDocumento?id=997488;Sem ressalva e sem ênfase
CLASSES - FII;43.008.884/0001-33;FUNDO DE INVESTIMENTO IMOBILIÁRIO FII MAUÁ PROPRIEDADES PARA INVESTIMENTO RESPONSABILIDADE LIMITADA;2025-06-30;1;2025-09-22;https://fnet.bmfbovespa.com.br/fnet/publico/downloadDocumento?id=995012;Sem ressalva e sem ênfase
CLASSES - FII;43.440.579/0001-16;WARREN SECURITIES FUNDO DE INVESTIMENTO IMOBILIÁRIO FII RESPONSABILIDADE LIMITADA;2025-06-30;1;2025-09-30;https://fnet.bmfbovespa.com.br/fnet/publico/downloadDocumento?id=1003619;Sem ressalva e sem ênfase
CLASSES - FII;43.617.647/0001-70;FUNDO DE INVESTIMENTO IMOBILIARIO - FII BIOTIC;2025-06-30;1;2025-09-26;https://fnet.bmfbovespa.com.br/fnet/publico/downloadDocumento?id=999629;Sem ressalva e sem ênfase
CLASSES - FII;43.671.250/0001-66;LAGUNA FUNDO DE INVESTIMENTO IMOBILIÁRIO - FII;2025-06-30;1;2025-08-13;https://fnet.bmfbovespa.com.br/fnet/publico/downloadDocumento?id=968563;Sem ressalva e sem ênfase
CLASSES - FII;43.741.195/0001-33;MAUÁ CAPITAL CRÉDITO ESTRUTURADO FUNDO DE INVESTIMENTO IMOBILIÁRIO;2025-06-30;1;2025-09-30;https://fnet.bmfbovespa.com.br/fnet/publico/downloadDocumento?id=1001801;Sem ressalva e sem ênfase
CLASSES - FII;43.741.205/0001-30;JGP CRÉDITO AGRO FIAGRO - IMOBILIÁRIO;2025-06-30;1;2025-09-29;https://fnet.bmfbovespa.com.br/fnet/publico/downloadDocumento?id=1001716;Sem ressalva e sem ênfase
F.I.I.;43.790.197/0001-12;NOVO CAMPO FUNDO DE INVESTIMENTO IMOBILIÁRIO RESPONSABILIDADE LIMITADA;2025-06-30;1;2025-08-13;https://fnet.bmfbovespa.com.br/fnet/publico/downloadDocumento?id=968610;Sem ressalva e sem ênfase
CLASSES - FII;43.951.875/0001-81;VIC DESENVOLVIMENTO VINTAGE 22/23 FUNDO DE INVESTIMENTO IMOBILIÁRIO;2025-06-30;1;2025-09-29;https://fnet.bmfbovespa.com.br/fnet/publico/downloadDocumento?id=1000830;Sem ressalva e sem ênfase
CLASSES - FII;43.951.911/0001-07;FUNDO DE INVESTIMENTO NAS CADEIAS PRODUTIVAS AGROINDUSTRIAIS EXES ARAGUAIA - FIAGRO - IMOBILIÁRIO;2025-06-30;1;2025-09-29;https://fnet.bmfbovespa.com.br/fnet/publico/downloadDocumento?id=1001761;Sem ressalva e sem ênfase
CLASSES - FII;44.527.494/0001-32;ARX DOVER RECEBÍVEIS FUNDO DE INVESTIMENTO IMOBILIÁRIO DE RESPONSABILIDADE LIMITADA;2025-06-30;1;2025-09-19;https://fnet.bmfbovespa.com.br/fnet/publico/downloadDocumento?id=994770;Sem ressalva e sem ênfase
CLASSES - FII;44.625.694/0001-28;051 AGRO FUNDO DE INVESTIMENTO NAS CADEIAS PRODUTIVAS AGROINDUSTRIAIS FIAGRO IMOBILIÁRIO;2025-06-30;1;2025-09-29;https://fnet.bmfbovespa.com.br/fnet/publico/downloadDocumento?id=1001770;Sem ressalva e sem ênfase
CLASSES - FII;44.683.052/0001-85;FUNDO DE INVESTIMENTO IMOBILIARIO ALUMIE - FII;2025-06-30;1;2025-09-23;https://fnet.bmfbovespa.com.br/fnet/publico/downloadDocumento?id=995687;Abstenção de opinião
CLASSES - FII;44.728.452/0001-60;MOGNO LOGÍSTICA FUNDO DE INVESTIMENTO IMOBILIARIO;2025-06-30;1;2025-09-29;https://fnet.bmfbovespa.com.br/fnet/publico/downloadDocumento?id=1001371;Sem ressalva e com ênfase
CLASSES - FII;44.728.520/0001-90;HIGH END REAL ESTATE FUNDO DE INVESTIMENTO IMOBILIÁRIO;2025-06-30;1;2025-09-29;https://fnet.bmfbovespa.com.br/fnet/publico/downloadDocumento?id=1000831;Sem ressalva e com ênfase
CLASSES - FII;45.123.465/0001-78;GAZIN FUNDO DE INVESTIMENTO IMOBILIÁRIO - FII;2025-06-30;1;2025-10-01;https://fnet.bmfbovespa.com.br/fnet/publico/downloadDocumento?id=1004688;Com ressalva
CLASSES - FII;45.123.558/0001-00;CANAÃ FI NAS CADEIAS PRODUTIVAS DO AGRONEGÓCIO - FIAGRO - IMOBILIÁRIO - RESPONSABILIDADE LIMITADA;2025-06-30;1;2025-09-29;https://fnet.bmfbovespa.com.br/fnet/publico/downloadDocumento?id=1001724;Sem ressalva e sem ênfase
CLASSES - FII;45.188.066/0001-95;ZAGROS MULTIESTRATÉGIA FUNDO DE INVESTIMENTO IMOBILIÁRIO RESPONSABILIDADE LIMITADA;2025-06-30;1;2025-09-27;https://fnet.bmfbovespa.com.br/fnet/publico/downloadDocumento?id=999898;Sem ressalva e sem ênfase
CLASSES - FII;45.188.124/0001-80;EMPÍRICA RECEBÍVEIS IMOBILIÁRIOS FUNDO DE INVESTIMENTO IMOBILIÁRIO RESPONSABILIDADE LIMITADA;2025-06-30;1;2025-09-08;https://fnet.bmfbovespa.com.br/fnet/publico/downloadDocumento?id=986771;Sem ressalva e sem ênfase
CLASSES - FII;45.188.176/0001-57;BTG PACTUAL REAL ESTATE HEDGE FUND FII - FUNDO DE INVESTIMENTO IMOBILIÁRIO RESPONSABILIDADE LIMITADA;2025-06-30;1;2025-09-26;https://fnet.bmfbovespa.com.br/fnet/publico/downloadDocumento?id=999155;Sem ressalva e com ênfase
CLASSES - FII;45.777.119/0001-03;G5  EMPREENDIMENTO IMOBILIÁRIO FUNDO DE INVESTIMENTO  IMOBILIÁRIO;2025-06-30;1;2025-09-29;https://fnet.bmfbovespa.com.br/fnet/publico/downloadDocumento?id=1001689;Com ressalva
CLASSES - FII;46.285.299/0001-79;GALAPAGOS SPECIAL OPORTUNITIES FUNDO DE INVESTIMENTO IMOBILIÁRIO;2025-06-30;1;2025-09-25;https://fnet.bmfbovespa.com.br/fnet/publico/downloadDocumento?id=998369;Sem ressalva e sem ênfase
CLASSES - FII;46.322.850/0001-07;VALORA CRI INFRA FUNDO DE INVESTIMENTO IMOBILIÁRIO DE  RESPONSABILIDADE LIMITADA;2025-06-30;1;2025-09-29;https://fnet.bmfbovespa.com.br/fnet/publico/downloadDocumento?id=1001606;Sem ressalva e sem ênfase
CLASSES - FII;46.334.715/0001-81;SULAMÉRICA REAL ESTATE FUNDO DE INVESTIMENTO IMOBILIÁRIO DE RESPONSABILIDADE LIMITADA;2025-06-30;1;2025-09-29;https://fnet.bmfbovespa.com.br/fnet/publico/downloadDocumento?id=1001531;Sem ressalva e sem ênfase
CLASSES - FII;46.879.122/0001-09;BOJNICE 421 FUNDO DE INVESTIMENTO IMOBILIÁRIO;2025-03-31;1;2025-06-27;https://fnet.bmfbovespa.com.br/fnet/publico/downloadDocumento?id=934228;Com ressalva
CLASSES - FII;47.142.218/0001-44;REAG RENDA URBANA FUNDO DE INVESTIMENTO IMOBILIÁRIO;2025-06-30;1;2025-09-29;https://fnet.bmfbovespa.com.br/fnet/publico/downloadDocumento?id=1000840;Sem ressalva e com ênfase
CLASSES - FII;47.846.916/0001-20;FIAGRO SINAI PRIME FUNDO DE INVESTIMENTO IMOBILIÁRIO DE CLASSE ÚNICA;2025-06-30;1;2025-09-25;https://fnet.bmfbovespa.com.br/fnet/publico/downloadDocumento?id=998233;Sem ressalva e com ênfase
F.I.I.;48.373.413/0001-48;CIX ITAPURANGA FUNDO DE INVESTIMENTO  IMOBILIÁRIO RESPONSABILIDADE LIMITADA;2025-06-30;1;2025-09-29;https://fnet.bmfbovespa.com.br/fnet/publico/downloadDocumento?id=1000264;Sem ressalva e sem ênfase
F.I.I.;48.373.428/0001-06;CIX PONTA NEGRA FUNDO DE INVESTIMENTO IMOBILIÁRIO RESPONSABILIDADE LIMITADA;2025-06-30;1;2025-09-29;https://fnet.bmfbovespa.com.br/fnet/publico/downloadDocumento?id=1000292;Sem ressalva e sem ênfase
F.I.I.;48.389.780/0001-30;CIX MUIRAQUITAN FUNDO DE INVESTIMENTO IMOBILIÁRIO RESPONSABILIDADE LIMITADA;2025-06-30;1;2025-09-29;https://fnet.bmfbovespa.com.br/fnet/publico/downloadDocumento?id=1000287;Sem ressalva e sem ênfase
CLASSES - FII;48.565.175/0001-72;051 AGRO FAZENDAS II FUNDO DE INVESTIMENTO NAS CADEIAS PRODUTIVAS AGROINDUSTRIAIS FIAGRO IMOBILIARIO;2025-06-30;1;2025-09-29;https://fnet.bmfbovespa.com.br/fnet/publico/downloadDocumento?id=1001766;Sem ressalva e sem ênfase
F.I.I.;48.904.259/0001-93;CARFAN FUNDO DE INVESTIMENTO IMOBILIÁRIO RESPONSABILIDADE LIMITADA;2025-06-30;1;2025-08-13;https://fnet.bmfbovespa.com.br/fnet/publico/downloadDocumento?id=968575;Sem ressalva e sem ênfase
F.I.I.;48.978.731/0001-32;FRATIX FUNDO DE INVESTIMENTO IMOBILIÁRIO RESPONSABILIDADE LIMITADA;2025-06-30;1;2025-08-13;https://fnet.bmfbovespa.com.br/fnet/publico/downloadDocumento?id=968605;Sem ressalva e sem ênfase
F.I.I.;48.978.797/0001-22;MENESCAL FUNDO DE INVESTIMENTO IMOBILIÁRIO RESPONSABILIDADE LIMITADA;2025-06-30;1;2025-08-13;https://fnet.bmfbovespa.com.br/fnet/publico/downloadDocumento?id=968591;Sem ressalva e sem ênfase
CLASSES - FII;48.978.859/0001-04;BRPR CORPORATE OFFICES FUNDO DE INVESTIMENTO IMOBILIÁRIO RESPONSABILIDADE LIMITADA;2025-06-30;1;2025-09-22;https://fnet.bmfbovespa.com.br/fnet/publico/downloadDocumento?id=994944;Sem ressalva e sem ênfase
CLASSES - FII;49.005.348/0001-60;CLAVE ÍNDICES DE PREÇOS FUNDO DE INVESTIMENTO IMOBILIÁRIO RESPONSABILIDADE LIMITADA;2025-06-30;1;2025-09-29;https://fnet.bmfbovespa.com.br/fnet/publico/downloadDocumento?id=1000886;Sem ressalva e sem ênfase
CLASSES - FII;49.318.661/0001-59;NOAD RECEBÍVEIS IMOBILIÁRIOS FUNDO DE INVESTIMENTO IMOBILIÁRIO;2025-06-30;1;2025-09-29;https://fnet.bmfbovespa.com.br/fnet/publico/downloadDocumento?id=1001591;Sem ressalva e sem ênfase
CLASSES - FII;49.489.928/0001-70;051 AGRO FAZENDAS III FUNDO DE INVESTIMENTO NAS CADEIAS PRODUTIVAS AGROINDUSTRIAIS - FIAGRO - IMOB;2025-06-30;1;2025-09-29;https://fnet.bmfbovespa.com.br/fnet/publico/downloadDocumento?id=1001769;Sem ressalva e sem ênfase
CLASSES - FII;49.640.601/0001-58;AGILE INVESTE DESENVOLVIMENTO FUNDO DE INVESTIMENTO IMOBILIÁRIO;2025-06-30;1;2025-09-29;https://fnet.bmfbovespa.com.br/fnet/publico/downloadDocumento?id=1000943;Abstenção de opinião
CLASSES - FII;49.893.516/0001-00;CL GUARULHOS II - FUNDO DE INVESTIMENTO IMOBILIÁRIO - FII;2025-06-30;1;2025-09-29;https://fnet.bmfbovespa.com.br/fnet/publico/downloadDocumento?id=1001537;Sem ressalva e sem ênfase
CLASSES - FII;49.916.958/0001-16;MANATÍ RECEBÍVEIS ESTRUTURADOS FUNDO DE INVESTIMENTO IMOBILIÁRIO DE RESPONSABILIDADE LIMITADA;2025-06-30;1;2025-10-02;https://fnet.bmfbovespa.com.br/fnet/publico/downloadDocumento?id=1005422;Sem ressalva e sem ênfase
CLASSES - FII;49.996.755/0001-87;TERRA RICA FUNDO DE INVESTIMENTO IMOBILIÁRIO;2025-06-30;1;2025-09-29;https://fnet.bmfbovespa.com.br/fnet/publico/downloadDocumento?id=1001626;Abstenção de opinião
CLASSES - FII;50.027.615/0001-80;RANCH FUNDO DE INVESTIMENTO IMOBILIÁRIO;2025-06-30;1;2025-09-29;https://fnet.bmfbovespa.com.br/fnet/publico/downloadDocumento?id=1001230;Abstenção de opinião
CLASSES - FII;50.041.467/0001-58;FUNDO DE INVESTIMENTO IMOBILIÁRIO TERRENO QUINTAS GLOBAIS - RESPONSABILIDADE LIMITADA;2025-06-30;1;2025-09-26;https://fnet.bmfbovespa.com.br/fnet/publico/downloadDocumento?id=999840;Abstenção de opinião
CLASSES - FII;50.143.549/0001-03;CAPITÂNIA HEDGE FUND FUNDO DE INVESTIMENTO IMOBILIÁRIO RESPONSABILIDADE LIMITADA;2025-06-30;1;2025-09-26;https://fnet.bmfbovespa.com.br/fnet/publico/downloadDocumento?id=999225;Sem ressalva e sem ênfase
CLASSES - FII;50.252.286/0001-70;MAYA FUNDO DE INVESTIMENTO IMOBILIÁRIO;2025-06-30;1;2025-09-29;https://fnet.bmfbovespa.com.br/fnet/publico/downloadDocumento?id=1000737;Abstenção de opinião
CLASSES - FII;50.385.179/0001-10;XP HABITAT FUNDO DE INVESTIMENTO IMOBILIÁRIO;2025-06-30;1;2025-09-30;https://fnet.bmfbovespa.com.br/fnet/publico/downloadDocumento?id=1001779;Sem ressalva e sem ênfase
F.I.I.;50.399.189/0001-05;FUNDO DE INVESTIMENTO IMOBILIÁRIO DE UNIDADES AUTÔNOMAS III RESPONSABILIDADE  LIMITADA;2025-06-30;1;2025-09-29;https://fnet.bmfbovespa.com.br/fnet/publico/downloadDocumento?id=1001746;Sem ressalva e sem ênfase
CLASSES - FII;50.716.077/0001-30;FUNDO DE INVESTIMENTOS IMOBILIÁRIO DO CAMPREV PARA SUSTENTABILIDADE PREVIDENCIÁRIA DO MUNICÍPIO;2025-06-30;1;2025-08-22;https://fnet.bmfbovespa.com.br/fnet/publico/downloadDocumento?id=976915;Sem ressalva e com ênfase
F.I.I.;50.750.438/0001-65;RIZA DOMUS FUNDO DE INVESTIMENTO IMOBILIÁRIO;2025-06-30;1;2025-09-29;https://fnet.bmfbovespa.com.br/fnet/publico/downloadDocumento?id=1001722;Sem ressalva e sem ênfase
F.I.I.;50.808.042/0001-21;VBI TR FARIA LIMA 4440 FUNDO DE INVESTIMENTO IMOBILIÁRIO;2025-06-30;2;2025-09-30;https://fnet.bmfbovespa.com.br/fnet/publico/downloadDocumento?id=1003393;Sem ressalva e sem ênfase
CLASSES - FII;51.192.125/0001-00;MMORE CRÉDITO IMOBILIÁRIO FUNDO DE INVESTIMENTO IMOBILIÁRIO RESPONSABILIDADE LIMITADA;2025-06-30;1;2025-09-05;https://fnet.bmfbovespa.com.br/fnet/publico/downloadDocumento?id=984898;Sem ressalva e sem ênfase
CLASSES - FII;51.294.441/0001-84;ITAÚ CRÉDITO IMOBILIÁRIO IPCA FUNDO DE INVESTIMENTO IMOBILIÁRIO RESPONSABILIDADE LIMITADA;2025-06-30;1;2025-09-29;https://fnet.bmfbovespa.com.br/fnet/publico/downloadDocumento?id=1001598;Sem ressalva e sem ênfase
F.I.I.;51.295.092/0001-15;LEGATUM FUNDO DE INVESTIMENTO IMOBILIÁRIO RESPONSABILIDADE LIMITADA;2025-06-30;1;2025-09-26;https://fnet.bmfbovespa.com.br/fnet/publico/downloadDocumento?id=999162;Sem ressalva e sem ênfase
F.I.I.;51.476.870/0001-72;DELTA FUNDO DE INVESTIMENTO IMOBILIÁRIO;2025-06-30;2;2025-09-02;https://fnet.bmfbovespa.com.br/fnet/publico/downloadDocumento?id=982361;Sem ressalva e sem ênfase
CLASSES - FII;51.575.078/0001-75;PÁTRIA CRÉDITO AGRÍCOLA FUNDO DE INVESTIMENTO NAS CADEIAS AGROINDUSTRIAIS FIAGRO-IMOBILIÁRIO;2025-06-30;1;2025-09-30;https://fnet.bmfbovespa.com.br/fnet/publico/downloadDocumento?id=1003637;Sem ressalva e sem ênfase
CLASSES - FII;51.601.636/0001-20;CYRELA HEDGE FUND FUNDO DE INVESTIMENTO IMOBILIÁRIO - FII DE RESPONSABILIDADE LIMITADA;2025-06-30;1;2025-10-02;https://fnet.bmfbovespa.com.br/fnet/publico/downloadDocumento?id=1005421;Sem ressalva e com ênfase
CLASSES - FII;51.641.681/0001-08;KINEA AGRO INCOME USD FIAGRO - IMOBILIÁRIO - RESPONSABILIDADE LIMITADA;2025-06-30;1;2025-10-01;https://fnet.bmfbovespa.com.br/fnet/publico/downloadDocumento?id=1004188;Sem ressalva e sem ênfase
CLASSES - FII;51.658.280/0001-60;VALORA HEDGE FUND AGRO - FIAGRO - IMOBILIÁRIO - RESPONSABILIDADE LIMITADA;2025-06-30;1;2025-09-29;https://fnet.bmfbovespa.com.br/fnet/publico/downloadDocumento?id=1001522;Sem ressalva e sem ênfase
CLASSES - FII;51.665.327/0001-13;AZ QUEST PANORAMA CRÉDITO IMOBILIÁRIO FUNDO DE INVESTIMENTO IMOBILIÁRIO;2025-06-30;1;2025-09-29;https://fnet.bmfbovespa.com.br/fnet/publico/downloadDocumento?id=1001720;Sem ressalva e sem ênfase
CLASSES - FII;51.734.924/0001-52;KINEA DESENVOLVIMENTO LOGÍSTICO FUNDO DE INVESTIMENTO IMOBILIÁRIO RESPONSABILIDADE LIMITADA;2025-06-30;1;2025-09-29;https://fnet.bmfbovespa.com.br/fnet/publico/downloadDocumento?id=1001601;Sem ressalva e sem ênfase
CLASSES - FII;51.786.271/0001-55;RAIZZ DESENVOLVIMENTO I FUNDO DE INVESTIMENTO IMOBILIÁRIO - FII RESPONSABILIDADE LIMITADA;2025-06-30;1;2025-09-22;https://fnet.bmfbovespa.com.br/fnet/publico/downloadDocumento?id=994966;Sem ressalva e sem ênfase
CLASSES - FII;51.817.522/0001-11;BRIO REAL ESTATE V - FUNDO DE INVESTIMENTO IMOBILIÁRIO - RESPONSABILIDADE LIMITADA;2025-06-30;1;2025-09-26;https://fnet.bmfbovespa.com.br/fnet/publico/downloadDocumento?id=999738;Sem ressalva e sem ênfase
CLASSES - FII;51.868.778/0001-58;PARAMIS HEDGE FUND FUNDO DE INVESTIMENTO IMOBILIÁRIO - FII RESPONSABILIDADE LIMITADA;2025-06-30;1;2025-09-29;https://fnet.bmfbovespa.com.br/fnet/publico/downloadDocumento?id=1001725;Sem ressalva e sem ênfase
CLASSES - FII;51.889.479/0001-08;FLORESTA FUNDO DE INVESTIMENTO IMOBILIÁRIO;2025-06-30;1;2025-09-24;https://fnet.bmfbovespa.com.br/fnet/publico/downloadDocumento?id=997898;Com ressalva
CLASSES - FII;51.991.587/0001-89;BTW 001 FUNDO DE INVESTIMENTO IMOBILIÁRIO;2025-06-30;1;2025-09-29;https://fnet.bmfbovespa.com.br/fnet/publico/downloadDocumento?id=1001354;Abstenção de opinião
CLASSES - FII;51.991.713/0001-03;BRIO COINVESTIMENTO JARDINS FUNDO DE INVESTIMENTO IMOBILIÁRIO - RESPONSABILIDADE LIMITADA;2025-06-30;1;2025-09-26;https://fnet.bmfbovespa.com.br/fnet/publico/downloadDocumento?id=999734;Sem ressalva e sem ênfase
CLASSES - FII;52.044.477/0001-72;NEX CRÉDITO AGRO FUNDO DE INVESTIMENTO NAS CADEIAS PRODUTIVAS DO AGRONEGÓCIO - FIAGRO RESP LIMITADA;2025-06-30;1;2025-09-30;https://fnet.bmfbovespa.com.br/fnet/publico/downloadDocumento?id=1003395;Sem ressalva e sem ênfase
CLASSES - FII;52.101.897/0001-43;ZAVIT CRÉDITO IMOBILIÁRIO FUNDO DE INVESTIMENTO IMOBILIÁRIO - RESPONSABILIDADE LIMITADA;2025-06-30;1;2025-09-26;https://fnet.bmfbovespa.com.br/fnet/publico/downloadDocumento?id=999511;Sem ressalva e sem ênfase
CLASSES - FII;52.219.978/0001-42;KINEA OPORTUNIDADES REAL ESTATE FUNDO DE INVESTIMENTO IMOBILIÁRIO - RESPONSABILIDADE LIMITADA;2025-06-30;1;2025-09-22;https://fnet.bmfbovespa.com.br/fnet/publico/downloadDocumento?id=994952;Sem ressalva e sem ênfase
CLASSES - FII;52.270.671/0001-76;ITAÚ TOTAL RETURN FUNDO DE INVESTIMENTO IMOBILIÁRIO RESPONSABILIDADE LIMITADA;2025-06-30;1;2025-09-29;https://fnet.bmfbovespa.com.br/fnet/publico/downloadDocumento?id=1001604;Sem ressalva e sem ênfase
F.I.I.;52.324.762/0001-47;FUNDO DE INVESTIMENTO IMOBILIÁRIO DE UNIDADES AUTÔNOMAS IV;2025-06-30;1;2025-09-29;https://fnet.bmfbovespa.com.br/fnet/publico/downloadDocumento?id=1000294;Sem ressalva e sem ênfase
CLASSES - FII;52.353.292/0001-40;BTG RE STRUCTURED OPPORTUNITIES FUNDO DE INVESTIMENTO IMOBILIÁRIO RESPONSABILIDADE LIMITADA;2025-06-30;1;2025-09-26;https://fnet.bmfbovespa.com.br/fnet/publico/downloadDocumento?id=999889;Sem ressalva e sem ênfase
CLASSES - FII;52.355.764/0001-01;IMIGRANTES IV - FUNDO DE INVESTIMENTO IMOBILIÁRIO - FII;2025-06-30;1;2025-09-25;https://fnet.bmfbovespa.com.br/fnet/publico/downloadDocumento?id=998646;Sem ressalva e sem ênfase
CLASSES - FII;52.355.865/0001-74;CL CASTELO BRANCO FUNDO DE INVESTIMENTO IMOBILIÁRIO;2025-06-30;1;2025-09-25;https://fnet.bmfbovespa.com.br/fnet/publico/downloadDocumento?id=998675;Sem ressalva e sem ênfase
CLASSES - FII;52.357.468/0001-31;XP HEDGE FUND FUNDO DE INVESTIMENTO IMOBILIÁRIO - FII;2025-06-30;1;2025-09-30;https://fnet.bmfbovespa.com.br/fnet/publico/downloadDocumento?id=1001800;Sem ressalva e sem ênfase
CLASSES - FII;52.589.406/0001-55;D3 TZI DESENVOLVIMENTO FUNDO DE INVESTIMENTO IMOBILIÁRIO;2025-06-30;1;2025-09-29;https://fnet.bmfbovespa.com.br/fnet/publico/downloadDocumento?id=1000288;Com ressalva
CLASSES - FII;52.649.350/0001-87;URCA HEDGE FUND ESTRATÉGIA IMOBILIÁRIA FUNDO DE INVESTIMENTO IMOBILIÁRIO - RESPONSABILIDADE LIMITADA;2025-06-30;1;2025-09-29;https://fnet.bmfbovespa.com.br/fnet/publico/downloadDocumento?id=1001681;Sem ressalva e sem ênfase
CLASSES - FII;52.889.976/0001-60;BEDFORD FUNDO DE INVESTIMENTO IMOBILIÁRIO DE RESPONSABILIDADE LIMITADA;2025-06-30;1;2025-09-23;https://fnet.bmfbovespa.com.br/fnet/publico/downloadDocumento?id=996019;Sem ressalva e com ênfase
CLASSES - FII;52.904.581/0001-90;GESIM SMART FUNDO DE INVESTIMENTO IMOBILIÁRIO;2025-06-30;1;2025-09-12;https://fnet.bmfbovespa.com.br/fnet/publico/downloadDocumento?id=989568;Sem ressalva e com ênfase
CLASSES - FII;52.966.340/0001-75;ONDA DESENVOLVIMENTO IMOBILIÁRIO FUNDO DE INVESTIMENTO IMOBILIÁRIO;2025-06-30;1;2025-09-29;https://fnet.bmfbovespa.com.br/fnet/publico/downloadDocumento?id=1001469;Sem ressalva e sem ênfase
CLASSES - FII;53.018.363/0001-10;FUNDO DE INVESTIMENTO IMOBILIÁRIO RBR CRÉDITO PULVERIZADO RESPONSABILIDADE LIMITADA;2025-06-30;1;2025-09-29;https://fnet.bmfbovespa.com.br/fnet/publico/downloadDocumento?id=1000867;Sem ressalva e sem ênfase
CLASSES - FII;53.178.634/0001-03;ROMA FUNDO DE INVESTIMENTO IMOBILIÁRIO RESPONSABILIDADE LIMITADA;2025-06-30;1;2025-09-29;https://fnet.bmfbovespa.com.br/fnet/publico/downloadDocumento?id=1001015;Sem ressalva e com ênfase
CLASSES - FII;53.191.611/0001-20;TERRAZ FUNDO DE INVESTIMENTO IMOBILIÁRIO;2025-06-30;1;2025-09-29;https://fnet.bmfbovespa.com.br/fnet/publico/downloadDocumento?id=1001695;Sem ressalva e com ênfase
CLASSES - FII;53.260.548/0001-37;REC FUNDO DE CRI COTAS AMORTIZÁVEIS - FUNDO DE INVESTIMENTO IMOBILIÁRIO;2025-06-30;2;2025-10-02;https://fnet.bmfbovespa.com.br/fnet/publico/downloadDocumento?id=1004929;Com ressalva
CLASSES - FII;53.275.496/0001-72;TERRA MINAS FUNDO DE INVESTIMENTO IMOBILIÁRIO;2025-06-30;1;2025-09-29;https://fnet.bmfbovespa.com.br/fnet/publico/downloadDocumento?id=1000494;Com ressalva
CLASSES - FII;53.313.475/0001-02;SUNO FAZENDAS FIAGRO - IMOBILIÁRIO;2025-06-30;1;2025-09-29;https://fnet.bmfbovespa.com.br/fnet/publico/downloadDocumento?id=1001421;Sem ressalva e sem ênfase
CLASSES - FII;53.645.729/0001-81;FUNDO DE INVESTIMENTO IMOBILIÁRIO DE UNIDADES AUTÔNOMAS V RESPONSABILIDADE  LIMITADA;2025-06-30;1;2025-09-29;https://fnet.bmfbovespa.com.br/fnet/publico/downloadDocumento?id=1000285;Sem ressalva e sem ênfase
CLASSES - FII;53.654.501/0001-58;KINEA AQUISIÇÕES RESIDENCIAIS FUNDO DE INVESTIMENTO IMOBILIÁRIO - RESPONSABILIDADE LIMITADA;2025-06-30;1;2025-09-29;https://fnet.bmfbovespa.com.br/fnet/publico/downloadDocumento?id=1001609;Sem ressalva e sem ênfase
CLASSES - FII;53.730.029/0001-95;FUNDO DE INVESTIMENTO IMOBILIÁRIO SMART REAL ESTATE - FII RESPONSABILIDADE LIMITADA;2025-06-30;2;2025-09-29;https://fnet.bmfbovespa.com.br/fnet/publico/downloadDocumento?id=1001773;Com ressalva
CLASSES - FII;53.764.894/0001-52;PATAGÔNIA CAPITAL MULTIESTRATÉGIA FUNDO DE INVESTIMENTO IMOBILIÁRIO;2025-06-30;1;2025-09-29;https://fnet.bmfbovespa.com.br/fnet/publico/downloadDocumento?id=1001751;Sem ressalva e sem ênfase
CLASSES - FII;53.866.393/0001-87;FII DE DESENVOLVIMENTO DE ESCRITÓRIOS BOUTIQUE RESPONSABILIDADE LIMITADA;2025-06-30;1;2025-09-29;https://fnet.bmfbovespa.com.br/fnet/publico/downloadDocumento?id=1000770;Sem ressalva e sem ênfase
CLASSES - FII;54.088.529/0001-38;TAUBATÉ FUNDO DE INVESTIMENTO IMOBILIÁRIO RESPONSABILIDADE LIMITADA;2025-06-30;1;2025-10-03;https://fnet.bmfbovespa.com.br/fnet/publico/downloadDocumento?id=1005489;Sem ressalva e sem ênfase
CLASSES - FII;54.174.907/0001-04;CPV ENERGIA FUNDO DE INVESTIMENTO IMOBILIÁRIO RESPONSABILIDADE LIMITADA;2025-06-30;1;2025-10-03;https://fnet.bmfbovespa.com.br/fnet/publico/downloadDocumento?id=1005803;Com ressalva
CLASSES - FII;54.250.318/0001-50;EDIFICARE FUNDO DE INVESTIMENTO IMOBILIÁRIO RESPONSABILIDADE LIMITADA;2025-06-30;1;2025-09-26;https://fnet.bmfbovespa.com.br/fnet/publico/downloadDocumento?id=999596;Sem ressalva e sem ênfase
CLASSES - FII;54.250.610/0001-72;ELOHIM FUNDO DE INVESTIMENTO IMOBILIÁRIO RESPONSABILIDADE LIMITADA;2025-06-30;1;2025-09-29;https://fnet.bmfbovespa.com.br/fnet/publico/downloadDocumento?id=1000589;Sem ressalva e sem ênfase
CLASSES - FII;54.306.150/0001-57;EDGE FUNDO DE INVESTIMENTO IMOBILIÁRIO DE RESPONSABILIDADE LIMITADA;2025-06-30;1;2025-09-26;https://fnet.bmfbovespa.com.br/fnet/publico/downloadDocumento?id=999525;Sem ressalva e sem ênfase
CLASSES - FII;54.375.187/0001-37;BB PREMIUM MALLS FUNDO DE INVESTIMENTO IMOBILIÁRIO DE RESPONSABILIDADE LIMITADA;2025-06-30;1;2025-09-29;https://fnet.bmfbovespa.com.br/fnet/publico/downloadDocumento?id=1001717;Sem ressalva e sem ênfase
CLASSES - FII;54.485.027/0001-40;ARC V FUNDO DE INVESTIMENTO IMOBILIÁRIO;2025-06-30;1;2025-09-29;https://fnet.bmfbovespa.com.br/fnet/publico/downloadDocumento?id=1001520;Sem ressalva e com ênfase
CLASSES - FII;54.564.113/0001-49;TISHMAN SPEYER JARDINS FII ORIZ XP RESPONSABILIDADE LIMITADA;2025-06-30;1;2025-09-29;https://fnet.bmfbovespa.com.br/fnet/publico/downloadDocumento?id=1001529;Sem ressalva e sem ênfase
CLASSES - FII;54.620.584/0001-27;TISHMAN SPEYER JARDINS FII ORIZ XP FEEDER FUNDO DE INVESTIMENTO IMOBILIÁRIO;2025-06-30;1;2025-09-29;https://fnet.bmfbovespa.com.br/fnet/publico/downloadDocumento?id=1001772;Sem ressalva e sem ênfase
CLASSES - FII;55.154.961/0001-42;MONTREAL FUNDO DE INVESTIMENTO IMOBILIÁRIO RESPONSABILIDADE  LIMITADA;2025-06-30;1;2025-09-29;https://fnet.bmfbovespa.com.br/fnet/publico/downloadDocumento?id=1000872;Sem ressalva e sem ênfase
CLASSES - FII;55.296.764/0001-68;AUGME CRÉDITO ESTRUTURADO FUNDO DE INVESTIMENTO IMOBILIÁRIO - RESPONSABILIDADE LIMITADA;2025-06-30;1;2025-09-29;https://fnet.bmfbovespa.com.br/fnet/publico/downloadDocumento?id=1001718;Sem ressalva e sem ênfase
CLASSES - FII;55.307.025/0001-24;FRUTO TERRAS I FUNDO DE INVESTIMENTO NAS CADEIAS PRODUTIVAS AGROINDUSTRIAIS - FIAGRO;2025-06-30;1;2025-09-26;https://fnet.bmfbovespa.com.br/fnet/publico/downloadDocumento?id=999256;Sem ressalva e sem ênfase
CLASSES - FII;55.435.378/0001-00;BRIO RENDA RESIDENCIAL FUNDO DE INVESTIMENTO IMOBILIÁRIO - RESPONSABILIDADE LIMITADA;2025-06-30;1;2025-09-22;https://fnet.bmfbovespa.com.br/fnet/publico/downloadDocumento?id=995361;Sem ressalva e sem ênfase
CLASSES - FII;55.729.232/0001-77;RIZA KALITHEA FUNDO DE INVESTIMENTO IMOBILIÁRIO RESPONSABILIDADE LIMITADA;2025-06-30;1;2025-09-22;https://fnet.bmfbovespa.com.br/fnet/publico/downloadDocumento?id=995490;Sem ressalva e sem ênfase
CLASSES - FII;55.753.193/0001-43;KINEA FÊNIX FUNDO DE INVESTIMENTO IMOBILIÁRIO - RESPONSABILIDADE LIMITADA;2025-06-30;1;2025-09-29;https://fnet.bmfbovespa.com.br/fnet/publico/downloadDocumento?id=1001611;Sem ressalva e sem ênfase
CLASSES - FII;55.969.466/0001-91;SUNXITT FUNDO DE INVESTIMENTO IMOBILIÁRIO DE RESPONSABILIDADE LIMITADA;2025-06-30;1;2025-09-29;https://fnet.bmfbovespa.com.br/fnet/publico/downloadDocumento?id=1001712;Sem ressalva e com ênfase
CLASSES - FII;55.987.139/0001-62;ID GOIANA II FUNDO DE INVESTIMENTO FIAGRO IMOBILIÁRIO RESPONSABILIDADE LIMITADA;2025-06-30;1;2025-10-02;https://fnet.bmfbovespa.com.br/fnet/publico/downloadDocumento?id=1005106;Com ressalva
CLASSES - FII;56.061.587/0001-01;GALAPAGOS DESENVOLVIMENTO LOGÍSTICO FUNDO DE INVESTIMENTO IMOBILIÁRIO RESPONSABILIDADE LIMITADA;2025-06-30;1;2025-09-29;https://fnet.bmfbovespa.com.br/fnet/publico/downloadDocumento?id=1001730;Sem ressalva e com ênfase
CLASSES - FII;56.524.816/0001-79;MASH EMPREENDIMENTOS FUNDO DE INVESTIMENTO IMOBILIÁRIO RESPONSABILIDADE LIMITADA;2025-06-30;1;2025-09-29;https://fnet.bmfbovespa.com.br/fnet/publico/downloadDocumento?id=1000449;Com ressalva
CLASSES - FII;56.805.391/0001-76;RBR TOP OFFICES FUNDO DE INVESTIMENTO IMOBILIÁRIO RESPONSABILIDADE LIMITADA;2025-06-30;1;2025-09-04;https://fnet.bmfbovespa.com.br/fnet/publico/downloadDocumento?id=984444;Sem ressalva e sem ênfase
CLASSES - FII;56.849.012/0001-40;ANGOSTURA I FUNDO DE INVESTIMENTO IMOBILIÁRIO;2025-06-30;1;2025-09-26;https://fnet.bmfbovespa.com.br/fnet/publico/downloadDocumento?id=999841;Sem ressalva e com ênfase
CLASSES - FII;56.978.773/0001-00;PDB MALLS FUNDO DE INVESTIMENTO IMOBILIÁRIO RESPONSABILIDADE LIMITADA;2025-06-30;1;2025-09-26;https://fnet.bmfbovespa.com.br/fnet/publico/downloadDocumento?id=999853;Sem ressalva e sem ênfase
CLASSES - FII;56.990.470/0001-02;MAUÁ CAPITAL CRÉDITO IMOBILIÁRIO ESTRUTURADO FUNDO DE INVESTIMENTO IMOBILIÁRIO RESPONSABILIDADE;2025-06-30;1;2025-09-11;https://fnet.bmfbovespa.com.br/fnet/publico/downloadDocumento?id=988433;Sem ressalva e sem ênfase
CLASSES - FII;57.109.161/0001-35;TRUST FUNDO DE INVESTIMENTO NAS CADEIAS PRODUTIVAS AGROINDUSTRIAIS - IMOBILIÁRIO - RESP LIMITADA;2025-06-30;1;2025-09-29;https://fnet.bmfbovespa.com.br/fnet/publico/downloadDocumento?id=1001410;Sem ressalva e com ênfase
CLASSES - FII;57.170.846/0001-97;HSI CRÉDITO ESTRUTURADO FUNDO DE INVESTIMENTO IMOBILIÁRIO RESPONSABILIDADE LIMITADA;2025-06-30;1;2025-09-08;https://fnet.bmfbovespa.com.br/fnet/publico/downloadDocumento?id=986770;Sem ressalva e sem ênfase
CLASSES - FII;57.216.258/0001-47;BGR B32 FUNDO DE INVESTIMENTO IMOBILIÁRIO;2025-06-30;1;2025-09-29;https://fnet.bmfbovespa.com.br/fnet/publico/downloadDocumento?id=1001764;Sem ressalva e sem ênfase
CLASSES - FII;57.285.563/0001-90;RJDI FUNDO DE INVESTIMENTO IMOBILIÁRIO RESP LIMITADA;2025-06-30;1;2025-09-29;https://fnet.bmfbovespa.com.br/fnet/publico/downloadDocumento?id=1001705;Sem ressalva e sem ênfase
CLASSES - FII;57.350.504/0001-59;ROMA VI FUNDO DE INVESTIMENTO IMOBILIÁRIO RESPONSABILIDADE LIMITADA;2025-06-30;1;2025-09-24;https://fnet.bmfbovespa.com.br/fnet/publico/downloadDocumento?id=997611;Sem ressalva e com ênfase
CLASSES - FII;57.469.492/0001-86;BTG PACTUAL REAL ESTATE HEDGE FUND MULTIESTRATÉGIA FII RESPONSABILIDADE LIMITADA;2025-06-30;1;2025-09-24;https://fnet.bmfbovespa.com.br/fnet/publico/downloadDocumento?id=997479;Sem ressalva e sem ênfase
CLASSES - FII;57.567.076/0001-10;NEOMALL FUNDO DE INVESTIMENTO IMOBILIÁRIO RESPONSABILIDADE LIMITADA;2025-06-30;1;2025-09-29;https://fnet.bmfbovespa.com.br/fnet/publico/downloadDocumento?id=1001660;Sem ressalva e sem ênfase
CLASSES - FII;57.583.846/0001-19;CLASSE ÚNICA DE COTAS DO AZ QUEST PANORAMA CRÉDITO VINTAGE I FI IMOBILIÁRIO RESP LIMITADA;2025-06-30;1;2025-09-16;https://fnet.bmfbovespa.com.br/fnet/publico/downloadDocumento?id=992906;Sem ressalva e sem ênfase
CLASSES - FII;57.593.613/0001-05;RIZA EQUITUS REAL ESTATE FUNDO DE INVESTIMENTO IMOBILIÁRIO RESPONSABILIDADE LIMITADA;2025-06-30;1;2025-09-29;https://fnet.bmfbovespa.com.br/fnet/publico/downloadDocumento?id=1001464;Sem ressalva e com ênfase
CLASSES - FII;57.682.963/0001-30;RBR FLAGSHIP I FUNDO DE INVESTIMENTO IMOBILIÁRIO RESPONSABILIDADE LIMITADA;2025-06-30;1;2025-09-26;https://fnet.bmfbovespa.com.br/fnet/publico/downloadDocumento?id=999811;Sem ressalva e sem ênfase
CLASSES - FII;57.683.576/0001-18;KINEA PRIME RESIDENCIAL I FUNDO DE INVESTIMENTO IMOBILIÁRIO DE RESPONSABILIDADE LIMITADA;2025-06-30;1;2025-09-29;https://fnet.bmfbovespa.com.br/fnet/publico/downloadDocumento?id=1001612;Sem ressalva e sem ênfase
CLASSES - FII;57.811.221/0001-67;FUNDO DE INVESTIMENTO IMOBILIÁRIO SOFIA;2025-06-30;1;2025-09-30;https://fnet.bmfbovespa.com.br/fnet/publico/downloadDocumento?id=1001778;Sem ressalva e sem ênfase
CLASSES - FII;57.882.804/0001-89;RIZA THERA FUNDO DE INVESTIMENTO IMOBILIÁRIO RESPONSABILIDADE LIMITADA;2025-06-30;1;2025-09-05;https://fnet.bmfbovespa.com.br/fnet/publico/downloadDocumento?id=985869;Sem ressalva e sem ênfase
CLASSES - FII;57.904.514/0001-99;LAZIO11 FUNDO DE INVESTIMENTO IMOBILIÁRIO RESPONSABILIDADE LIMITADA;2025-06-30;1;2025-09-23;https://fnet.bmfbovespa.com.br/fnet/publico/downloadDocumento?id=995543;Sem ressalva e sem ênfase
CLASSES - FII;57.965.466/0001-49;WHG SP REALTY II FUNDO DE INVESTIMENTO IMOBILIÁRIO - RESPONSABILIDADE LIMITADA;2025-06-30;1;2025-09-29;https://fnet.bmfbovespa.com.br/fnet/publico/downloadDocumento?id=1001777;Sem ressalva e sem ênfase
CLASSES - FII;57.976.696/0001-03;BRIO REAL ESTATE COINVESTIMENTO - FUNDO DE INVESTIMENTO IMOBILIÁRIO - RESPONSABILIDADE  LIMITADA;2025-06-30;1;2025-09-26;https://fnet.bmfbovespa.com.br/fnet/publico/downloadDocumento?id=999739;Sem ressalva e sem ênfase
CLASSES - FII;57.986.419/0001-81;CCGL FUNDO DE INVESTIMENTO IMOBILIÁRIO - RESPONSABILIDADE LIMITADA;2025-06-30;1;2025-09-29;https://fnet.bmfbovespa.com.br/fnet/publico/downloadDocumento?id=1001762;Sem ressalva e sem ênfase
CLASSES - FII;58.019.792/0001-26;COTA REAL 7 FUNDO DE INVESTIMENTO IMOBILIÁRIO  RESPONSABILIDADE LIMITADA;2025-06-30;1;2025-09-23;https://fnet.bmfbovespa.com.br/fnet/publico/downloadDocumento?id=995536;Sem ressalva e sem ênfase
CLASSES - FII;58.022.479/0001-47;BTG PACTUAL LOG ESTRATÉGIAS LÍQUIDAS FII FUNDO DE INVESTIMENTO IMOBILIÁRIO RESPONSABILIDADE LIMITADA;2025-06-30;1;2025-09-16;https://fnet.bmfbovespa.com.br/fnet/publico/downloadDocumento?id=992713;Sem ressalva e sem ênfase
CLASSES - FII;58.054.129/0001-62;LUMINI FUNDO DE INVESTIMENTO IMOBILIÁRIO;2025-06-30;1;2025-08-13;https://fnet.bmfbovespa.com.br/fnet/publico/downloadDocumento?id=968558;Sem ressalva e sem ênfase
CLASSES - FII;58.316.418/0001-92;BRASOL RENDA IMOBILIÁRIA SOLAR I FUNDO DE INVESTIMENTO IMOBILIÁRIO;2025-06-30;1;2025-09-29;https://fnet.bmfbovespa.com.br/fnet/publico/downloadDocumento?id=1001732;Sem ressalva e sem ênfase
CLASSES - FII;58.447.926/0001-00;REPÚBLICA  DO LÍBANO FUNDO DE INVESTIMENTO IMOBILIÁRIO RESPONSABILIDADE LIMITADA;2025-06-30;1;2025-09-23;https://fnet.bmfbovespa.com.br/fnet/publico/downloadDocumento?id=995542;Sem ressalva e sem ênfase
CLASSES - FII;58.496.557/0001-45;FUNDO DE INVESTIMENTO IMOBILIÁRIO SLB DE CLASSE ÚNICA;2025-06-30;1;2025-09-25;https://fnet.bmfbovespa.com.br/fnet/publico/downloadDocumento?id=998441;Sem ressalva e com ênfase
CLASSES - FII;58.544.087/0001-48;PINNACLE CAPITAL FUNDO DE INVESTIMENTO IMOBILIÁRIO;2025-06-30;1;2025-09-29;https://fnet.bmfbovespa.com.br/fnet/publico/downloadDocumento?id=1001206;Sem ressalva e sem ênfase
CLASSES - FII;59.030.677/0001-15;PISA VII FUNDO DE INVESTIMENTO IMOBILIÁRIO RESPONSABILIDADE  LIMITADA;2025-06-30;1;2025-09-26;https://fnet.bmfbovespa.com.br/fnet/publico/downloadDocumento?id=999585;Sem ressalva e sem ênfase
CLASSES - FII;59.090.726/0001-05;SHOPPING PÁTIO PAULISTA FUNDO DE INVESTIMENTO IMOBILIÁRIO RESPONSABILIDADE  LIMITADA;2025-06-30;1;2025-09-26;https://fnet.bmfbovespa.com.br/fnet/publico/downloadDocumento?id=999891;Sem ressalva e sem ênfase
CLASSES - FII;59.255.025/0001-89;CIX RETROFIT FUNDO DE INVESTIMENTO IMOBILIÁRIO RESPONSABILIDADE LIMITADA;2025-06-30;1;2025-09-26;https://fnet.bmfbovespa.com.br/fnet/publico/downloadDocumento?id=999088;Dispensado - art.23, §6º ICVM 516/11
CLASSES - FII;59.337.307/0001-25;RIZA ONYX FUNDO DE INVESTIMENTO IMOBILIÁRIO RESPONSABILIDADE LIMITADA;2025-06-30;1;2025-09-04;https://fnet.bmfbovespa.com.br/fnet/publico/downloadDocumento?id=984423;Sem ressalva e sem ênfase
CLASSES - FII;59.658.166/0001-42;BTG LOG AAA CAJAMAR FUNDO DE INVESTIMENTO IMOBILIÁRIO RESPONSABILIDADE LIMITADA;2025-06-30;1;2025-09-16;https://fnet.bmfbovespa.com.br/fnet/publico/downloadDocumento?id=992707;Sem ressalva e sem ênfase
CLASSES - FII;59.663.265/0001-12;VERTENTE DESENVOLVIMENTO FUNDO DE INVESTIMENTO IMOBILIÁRIO RESPONSABILIDADE LIMITADA;2025-06-30;1;2025-09-23;https://fnet.bmfbovespa.com.br/fnet/publico/downloadDocumento?id=996366;Dispensado - art.23, §6º ICVM 516/11
CLASSES - FII;59.680.687/0001-04;051 AGRO FAZENDAS IV FUNDO DE INVESTIMENTO NAS CADEIAS PRODUTIVAS AGROINDUSTRIAIS FIAGRO IMOBILIÁRIO;2025-06-30;1;2025-09-29;https://fnet.bmfbovespa.com.br/fnet/publico/downloadDocumento?id=1001771;Sem ressalva e sem ênfase
CLASSES - FII;60.373.688/0001-87;FUNDO DE INVESTIMENTOS IMOBILIÁRIOS DE PERMUTA FINANCEIRA LOTE5 (SENIOR) RESPONSABILIDADE LIMITADA;2025-06-30;1;2025-09-24;https://fnet.bmfbovespa.com.br/fnet/publico/downloadDocumento?id=997617;Dispensado - art.23, §6º ICVM 516/11
CLASSES - FII;60.413.964/0001-93;LAZIO II FUNDO DE INVESTIMENTO IMOBILIÁRIO RESPONSABILIDADE LIMITADA;2025-06-30;1;2025-09-24;https://fnet.bmfbovespa.com.br/fnet/publico/downloadDocumento?id=997269;Dispensado - art.23, §6º ICVM 516/11
CLASSES - FII;60.480.984/0001-87;FUNDO DE INVESTIMENTOS  IMOBILIÁRIOS DE PERMUTA FINANCEIRA LOTE5 MEZANINO RESPONSABILIDADE  LIMITADA;2025-06-30;1;2025-09-23;https://fnet.bmfbovespa.com.br/fnet/publico/downloadDocumento?id=995656;Dispensado - art.23, §6º ICVM 516/11
CLASSES - FII;60.513.922/0001-24;FUNDO DE INVESTIMENTO IMOBILIÁRIO TG RENDA URBANA FEEDER - RESPONSABILIDADE LIMITADA;2025-06-30;1;2025-09-29;https://fnet.bmfbovespa.com.br/fnet/publico/downloadDocumento?id=1001740;Dispensado - art.23, §6º ICVM 516/11
CLASSES - FII;60.522.814/0001-18;SUN FUNDO  DE INVESTIMENTO IMOBILIÁRIO RESPONSABILIDADE LIMITADA;2025-06-30;1;2025-09-23;https://fnet.bmfbovespa.com.br/fnet/publico/downloadDocumento?id=995639;Dispensado - art.23, §6º ICVM 516/11
CLASSES - FII;60.551.924/0001-08;FUNDO DE INVESTIMENTO IMOBILIÁRIO TG RENDA URBANA MASTER - RESPONSABILIDADE LIMITADA;2025-06-30;1;2025-09-29;https://fnet.bmfbovespa.com.br/fnet/publico/downloadDocumento?id=1001728;Dispensado - art.23, §6º ICVM 516/11
CLASSES - FII;60.922.008/0001-37;BTG PACTUAL PRIME LOGÍSTICA FUNDO DE INVESTIMENTO IMOBILIÁRIO RESPONSABILIDADE LIMITADA;2025-06-30;1;2025-09-19;https://fnet.bmfbovespa.com.br/fnet/publico/downloadDocumento?id=994845;Sem ressalva e sem ênfase
CLASSES - FII;61.271.000/0001-10;RIO DAS PEDRAS I  FUNDO DE INVESTIMENTO IMOBILIÁRIO FUNDO DE INVESTIMENTO IMOBILIÁRIO  RESP LIMITADA;2025-06-30;1;2025-09-23;https://fnet.bmfbovespa.com.br/fnet/publico/downloadDocumento?id=996371;Dispensado - art.23, §6º ICVM 516/11
